PRAGMA foreign_keys=OFF;
BEGIN TRANSACTION;
CREATE TABLE IF NOT EXISTS "django_migrations" ("id" integer NOT NULL PRIMARY KEY AUTOINCREMENT, "app" varchar(255) NOT NULL, "name" varchar(255) NOT NULL, "applied" datetime NOT NULL);
INSERT INTO django_migrations VALUES(1,'contenttypes','0001_initial','2024-11-28 18:22:12.080049');
INSERT INTO django_migrations VALUES(2,'auth','0001_initial','2024-11-28 18:22:12.090255');
INSERT INTO django_migrations VALUES(3,'admin','0001_initial','2024-11-28 18:22:12.095543');
INSERT INTO django_migrations VALUES(4,'admin','0002_logentry_remove_auto_add','2024-11-28 18:22:12.104567');
INSERT INTO django_migrations VALUES(5,'admin','0003_logentry_add_action_flag_choices','2024-11-28 18:22:12.119724');
INSERT INTO django_migrations VALUES(6,'contenttypes','0002_remove_content_type_name','2024-11-28 18:22:12.130128');
INSERT INTO django_migrations VALUES(7,'auth','0002_alter_permission_name_max_length','2024-11-28 18:22:12.137035');
INSERT INTO django_migrations VALUES(8,'auth','0003_alter_user_email_max_length','2024-11-28 18:22:12.143380');
INSERT INTO django_migrations VALUES(9,'auth','0004_alter_user_username_opts','2024-11-28 18:22:12.148029');
INSERT INTO django_migrations VALUES(10,'auth','0005_alter_user_last_login_null','2024-11-28 18:22:12.154594');
INSERT INTO django_migrations VALUES(11,'auth','0006_require_contenttypes_0002','2024-11-28 18:22:12.155378');
INSERT INTO django_migrations VALUES(12,'auth','0007_alter_validators_add_error_messages','2024-11-28 18:22:12.159500');
INSERT INTO django_migrations VALUES(13,'auth','0008_alter_user_username_max_length','2024-11-28 18:22:12.167533');
INSERT INTO django_migrations VALUES(14,'auth','0009_alter_user_last_name_max_length','2024-11-28 18:22:12.173448');
INSERT INTO django_migrations VALUES(15,'auth','0010_alter_group_name_max_length','2024-11-28 18:22:12.179750');
INSERT INTO django_migrations VALUES(16,'auth','0011_update_proxy_permissions','2024-11-28 18:22:12.184486');
INSERT INTO django_migrations VALUES(17,'auth','0012_alter_user_first_name_max_length','2024-11-28 18:22:12.190370');
INSERT INTO django_migrations VALUES(18,'sessions','0001_initial','2024-11-28 18:22:12.192426');
INSERT INTO django_migrations VALUES(19,'exchange','0001_initial','2024-11-28 18:55:09.473476');
INSERT INTO django_migrations VALUES(20,'exchange','0002_skillcategory_skillprovider_remove_skill_name_and_more','2024-12-14 18:12:14.456284');
INSERT INTO django_migrations VALUES(21,'exchange','0003_remove_skillprovider_first_name_and_more','2024-12-28 22:10:23.254690');
INSERT INTO django_migrations VALUES(22,'exchange','0004_remove_skill_provider_skill_providers_and_more','2025-01-04 23:22:03.962223');
INSERT INTO django_migrations VALUES(23,'exchange','0005_userprofile_about_me_userprofile_facebook_and_more','2025-01-12 21:50:34.521568');
INSERT INTO django_migrations VALUES(24,'exchange','0006_alter_userprofile_profile_picture','2025-01-13 17:40:00.504042');
INSERT INTO django_migrations VALUES(25,'exchange','0007_userprofile_cover_page','2025-01-15 01:59:16.951580');
INSERT INTO django_migrations VALUES(26,'exchange','0008_alter_userprofile_cover_page_and_more','2025-01-15 15:34:13.050723');
INSERT INTO django_migrations VALUES(27,'exchange','0009_alter_userprofile_cover_page_and_more','2025-01-15 15:48:06.406313');
INSERT INTO django_migrations VALUES(28,'exchange','0010_alter_skillprovider_user','2025-01-18 16:20:46.341756');
INSERT INTO django_migrations VALUES(29,'exchange','0011_alter_skillexchange_provider','2025-01-18 17:12:54.778219');
INSERT INTO django_migrations VALUES(30,'exchange','0012_remove_skillexchange_provider_and_more','2025-01-20 18:20:21.389551');
INSERT INTO django_migrations VALUES(31,'exchange','0013_userpreference','2025-02-05 03:20:52.648620');
INSERT INTO django_migrations VALUES(32,'exchange','0014_alter_userpreference_skill_level','2025-02-08 17:09:56.686634');
INSERT INTO django_migrations VALUES(33,'exchange','0015_alter_userpreference_skill_level','2025-02-08 18:18:53.398071');
INSERT INTO django_migrations VALUES(34,'exchange','0016_alter_userpreference_preferred_language','2025-02-08 18:41:40.380290');
INSERT INTO django_migrations VALUES(35,'exchange','0017_alter_userpreference_skill_level','2025-02-08 18:44:10.208658');
INSERT INTO django_migrations VALUES(36,'exchange','0018_alter_userpreference_learning_goals','2025-02-08 22:18:25.455907');
INSERT INTO django_migrations VALUES(37,'exchange','0019_userpreferencedashboard','2025-02-17 23:15:47.143246');
CREATE TABLE IF NOT EXISTS "auth_group_permissions" ("id" integer NOT NULL PRIMARY KEY AUTOINCREMENT, "group_id" integer NOT NULL REFERENCES "auth_group" ("id") DEFERRABLE INITIALLY DEFERRED, "permission_id" integer NOT NULL REFERENCES "auth_permission" ("id") DEFERRABLE INITIALLY DEFERRED);
CREATE TABLE IF NOT EXISTS "auth_user_groups" ("id" integer NOT NULL PRIMARY KEY AUTOINCREMENT, "user_id" integer NOT NULL REFERENCES "auth_user" ("id") DEFERRABLE INITIALLY DEFERRED, "group_id" integer NOT NULL REFERENCES "auth_group" ("id") DEFERRABLE INITIALLY DEFERRED);
CREATE TABLE IF NOT EXISTS "auth_user_user_permissions" ("id" integer NOT NULL PRIMARY KEY AUTOINCREMENT, "user_id" integer NOT NULL REFERENCES "auth_user" ("id") DEFERRABLE INITIALLY DEFERRED, "permission_id" integer NOT NULL REFERENCES "auth_permission" ("id") DEFERRABLE INITIALLY DEFERRED);
CREATE TABLE IF NOT EXISTS "django_admin_log" ("id" integer NOT NULL PRIMARY KEY AUTOINCREMENT, "object_id" text NULL, "object_repr" varchar(200) NOT NULL, "action_flag" smallint unsigned NOT NULL CHECK ("action_flag" >= 0), "change_message" text NOT NULL, "content_type_id" integer NULL REFERENCES "django_content_type" ("id") DEFERRABLE INITIALLY DEFERRED, "user_id" integer NOT NULL REFERENCES "auth_user" ("id") DEFERRABLE INITIALLY DEFERRED, "action_time" datetime NOT NULL);
INSERT INTO django_admin_log VALUES(1,'1','carlos',3,'',4,5,'2025-01-03 17:49:42.050512');
INSERT INTO django_admin_log VALUES(2,'4','carloslpz',3,'',4,5,'2025-01-03 17:49:42.050552');
INSERT INTO django_admin_log VALUES(3,'2','danielL',3,'',4,5,'2025-01-03 17:49:42.050567');
INSERT INTO django_admin_log VALUES(4,'1','Air sports',3,'',7,5,'2025-01-03 18:32:07.493807');
INSERT INTO django_admin_log VALUES(5,'427','nuevo skill',3,'',7,5,'2025-01-05 00:42:25.973986');
INSERT INTO django_admin_log VALUES(6,'426','jugar dados',3,'',7,5,'2025-01-05 00:42:25.974028');
INSERT INTO django_admin_log VALUES(7,'425','paracaidismo',3,'',7,5,'2025-01-05 00:42:25.974041');
INSERT INTO django_admin_log VALUES(8,'424','paracaidismo',3,'',7,5,'2025-01-05 00:42:25.974051');
CREATE TABLE IF NOT EXISTS "django_content_type" ("id" integer NOT NULL PRIMARY KEY AUTOINCREMENT, "app_label" varchar(100) NOT NULL, "model" varchar(100) NOT NULL);
INSERT INTO django_content_type VALUES(1,'admin','logentry');
INSERT INTO django_content_type VALUES(2,'auth','permission');
INSERT INTO django_content_type VALUES(3,'auth','group');
INSERT INTO django_content_type VALUES(4,'auth','user');
INSERT INTO django_content_type VALUES(5,'contenttypes','contenttype');
INSERT INTO django_content_type VALUES(6,'sessions','session');
INSERT INTO django_content_type VALUES(7,'exchange','skill');
INSERT INTO django_content_type VALUES(8,'exchange','skillexchange');
INSERT INTO django_content_type VALUES(9,'exchange','userprofile');
INSERT INTO django_content_type VALUES(10,'exchange','skillcategory');
INSERT INTO django_content_type VALUES(11,'exchange','skillprovider');
INSERT INTO django_content_type VALUES(12,'exchange','userpreference');
INSERT INTO django_content_type VALUES(13,'exchange','userpreferencedashboard');
CREATE TABLE IF NOT EXISTS "auth_permission" ("id" integer NOT NULL PRIMARY KEY AUTOINCREMENT, "content_type_id" integer NOT NULL REFERENCES "django_content_type" ("id") DEFERRABLE INITIALLY DEFERRED, "codename" varchar(100) NOT NULL, "name" varchar(255) NOT NULL);
INSERT INTO auth_permission VALUES(1,1,'add_logentry','Can add log entry');
INSERT INTO auth_permission VALUES(2,1,'change_logentry','Can change log entry');
INSERT INTO auth_permission VALUES(3,1,'delete_logentry','Can delete log entry');
INSERT INTO auth_permission VALUES(4,1,'view_logentry','Can view log entry');
INSERT INTO auth_permission VALUES(5,2,'add_permission','Can add permission');
INSERT INTO auth_permission VALUES(6,2,'change_permission','Can change permission');
INSERT INTO auth_permission VALUES(7,2,'delete_permission','Can delete permission');
INSERT INTO auth_permission VALUES(8,2,'view_permission','Can view permission');
INSERT INTO auth_permission VALUES(9,3,'add_group','Can add group');
INSERT INTO auth_permission VALUES(10,3,'change_group','Can change group');
INSERT INTO auth_permission VALUES(11,3,'delete_group','Can delete group');
INSERT INTO auth_permission VALUES(12,3,'view_group','Can view group');
INSERT INTO auth_permission VALUES(13,4,'add_user','Can add user');
INSERT INTO auth_permission VALUES(14,4,'change_user','Can change user');
INSERT INTO auth_permission VALUES(15,4,'delete_user','Can delete user');
INSERT INTO auth_permission VALUES(16,4,'view_user','Can view user');
INSERT INTO auth_permission VALUES(17,5,'add_contenttype','Can add content type');
INSERT INTO auth_permission VALUES(18,5,'change_contenttype','Can change content type');
INSERT INTO auth_permission VALUES(19,5,'delete_contenttype','Can delete content type');
INSERT INTO auth_permission VALUES(20,5,'view_contenttype','Can view content type');
INSERT INTO auth_permission VALUES(21,6,'add_session','Can add session');
INSERT INTO auth_permission VALUES(22,6,'change_session','Can change session');
INSERT INTO auth_permission VALUES(23,6,'delete_session','Can delete session');
INSERT INTO auth_permission VALUES(24,6,'view_session','Can view session');
INSERT INTO auth_permission VALUES(25,7,'add_skill','Can add skill');
INSERT INTO auth_permission VALUES(26,7,'change_skill','Can change skill');
INSERT INTO auth_permission VALUES(27,7,'delete_skill','Can delete skill');
INSERT INTO auth_permission VALUES(28,7,'view_skill','Can view skill');
INSERT INTO auth_permission VALUES(29,8,'add_skillexchange','Can add skill exchange');
INSERT INTO auth_permission VALUES(30,8,'change_skillexchange','Can change skill exchange');
INSERT INTO auth_permission VALUES(31,8,'delete_skillexchange','Can delete skill exchange');
INSERT INTO auth_permission VALUES(32,8,'view_skillexchange','Can view skill exchange');
INSERT INTO auth_permission VALUES(33,9,'add_userprofile','Can add user profile');
INSERT INTO auth_permission VALUES(34,9,'change_userprofile','Can change user profile');
INSERT INTO auth_permission VALUES(35,9,'delete_userprofile','Can delete user profile');
INSERT INTO auth_permission VALUES(36,9,'view_userprofile','Can view user profile');
INSERT INTO auth_permission VALUES(37,10,'add_skillcategory','Can add skill category');
INSERT INTO auth_permission VALUES(38,10,'change_skillcategory','Can change skill category');
INSERT INTO auth_permission VALUES(39,10,'delete_skillcategory','Can delete skill category');
INSERT INTO auth_permission VALUES(40,10,'view_skillcategory','Can view skill category');
INSERT INTO auth_permission VALUES(41,11,'add_skillprovider','Can add skill provider');
INSERT INTO auth_permission VALUES(42,11,'change_skillprovider','Can change skill provider');
INSERT INTO auth_permission VALUES(43,11,'delete_skillprovider','Can delete skill provider');
INSERT INTO auth_permission VALUES(44,11,'view_skillprovider','Can view skill provider');
INSERT INTO auth_permission VALUES(45,12,'add_userpreference','Can add user preference');
INSERT INTO auth_permission VALUES(46,12,'change_userpreference','Can change user preference');
INSERT INTO auth_permission VALUES(47,12,'delete_userpreference','Can delete user preference');
INSERT INTO auth_permission VALUES(48,12,'view_userpreference','Can view user preference');
INSERT INTO auth_permission VALUES(49,13,'add_userpreferencedashboard','Can add user preference dashboard');
INSERT INTO auth_permission VALUES(50,13,'change_userpreferencedashboard','Can change user preference dashboard');
INSERT INTO auth_permission VALUES(51,13,'delete_userpreferencedashboard','Can delete user preference dashboard');
INSERT INTO auth_permission VALUES(52,13,'view_userpreferencedashboard','Can view user preference dashboard');
CREATE TABLE IF NOT EXISTS "auth_group" ("id" integer NOT NULL PRIMARY KEY AUTOINCREMENT, "name" varchar(150) NOT NULL UNIQUE);
CREATE TABLE IF NOT EXISTS "auth_user" ("id" integer NOT NULL PRIMARY KEY AUTOINCREMENT, "password" varchar(128) NOT NULL, "last_login" datetime NULL, "is_superuser" bool NOT NULL, "username" varchar(150) NOT NULL UNIQUE, "last_name" varchar(150) NOT NULL, "email" varchar(254) NOT NULL, "is_staff" bool NOT NULL, "is_active" bool NOT NULL, "date_joined" datetime NOT NULL, "first_name" varchar(150) NOT NULL);
INSERT INTO auth_user VALUES(3,'pbkdf2_sha256$870000$ICsjbj41NxaPLuP46wPazT$y2+J3JmQ8eRHQsLX4bZ/tJGx9/IMz69FhdE2KbglJ+U=','2025-02-18 22:36:06.321135',0,'juan','','juan@email.com',0,1,'2024-11-28 18:57:14.737425','');
INSERT INTO auth_user VALUES(5,'pbkdf2_sha256$870000$6gk2xYaMPUTb0rcNFa25QD$y7Yxg9AqzUwAwnXAeCiHE9BrU2FbRd9cZwipzXkVjNk=','2025-01-07 16:12:01.206927',1,'carlos1','','',1,1,'2025-01-03 17:46:40.183231','');
INSERT INTO auth_user VALUES(6,'pbkdf2_sha256$870000$CXwwEa1K4KoOKgvYTMZnJO$0v+Vr0ablA1xLKLJPn/ux60Cle9rQ0Gjsw/0ZV8nL3Q=','2025-01-20 17:19:10.782200',0,'jonjones','','jon@gmail.com',0,1,'2025-01-15 02:01:36.621059','');
INSERT INTO auth_user VALUES(7,'pbkdf2_sha256$870000$PeTejtbmM3CQR4L9ascjXQ$tgoNdZZBTYlZdXTHa/3sN51a1VB30SYKkyQL94Q8I44=','2025-01-20 17:25:25.892411',0,'khabib','','nurgamedov@email.com',0,1,'2025-01-15 02:08:29.631625','');
INSERT INTO auth_user VALUES(8,'pbkdf2_sha256$870000$uuJ4mS14CrajHcfzM7xLMQ$U/2Lrvw5O23VEvamjPgObg4IcNrntY9kiMBvRcPQ034=','2025-01-15 15:37:07.477763',0,'connor','','mcchicken@gmail.com',0,1,'2025-01-15 02:15:44.798102','');
INSERT INTO auth_user VALUES(9,'pbkdf2_sha256$870000$kj8J6l8WgHb8f691tsVc11$Uxu2MMaBcGHQ+NtsOzv0mDZ3PylwYO0q2xVry2Gpo8U=','2025-01-15 02:18:32.776068',0,'juanaLacUBANA','','JUANA@email.com',0,1,'2025-01-15 02:18:32.057730','');
INSERT INTO auth_user VALUES(10,'pbkdf2_sha256$870000$pPvWEI5SY4pSDH4jI2ra1N$8ODzQofrls+nErt5xAt3crFavCVbmJq4r3nwZ3HJSuI=','2025-01-16 19:32:11.944663',0,'islam','','islam@email.com',0,1,'2025-01-16 19:32:11.226141','');
INSERT INTO auth_user VALUES(11,'pbkdf2_sha256$870000$f9jQo6lgnMFUmFxrqwQSYW$utdbce027aAUtdg+BxnxGQf+sZ/qUlwTEsU6s3yHUvY=','2025-01-29 21:43:17.404885',0,'merab','','merab@email.com',0,1,'2025-01-29 17:27:32.241853','');
INSERT INTO auth_user VALUES(12,'pbkdf2_sha256$870000$rcLaVsT6woKroD708gJxCr$TYIaqWaHbnaOOQSJ6Xa7nnQh0dkxnhh6Reqydsfd7FM=','2025-02-18 01:34:30.957326',0,'rodrigo','','rodrigo@email.com',0,1,'2025-02-08 17:14:45.566289','');
INSERT INTO auth_user VALUES(13,'pbkdf2_sha256$870000$cOtPWOHrmj4lO8w84Ycq7E$MB4j/W6jX1MSEUg1NGgWwk4vwotlt4Q6ZS/QJYxIu9k=','2025-02-13 16:00:48.168797',0,'carlos','','carlos@email.com',0,1,'2025-02-13 15:59:53.418673','');
CREATE TABLE IF NOT EXISTS "django_session" ("session_key" varchar(40) NOT NULL PRIMARY KEY, "session_data" text NOT NULL, "expire_date" datetime NOT NULL);
INSERT INTO django_session VALUES('ntff4ap71c3femy6h3b99ej98fcnsm76','e30:1tGjnR:2_PI_6ayo5g_Jo2JYOkEJImXOd693oMxHKDHOzfe8P8','2024-12-12 19:03:25.234006');
INSERT INTO django_session VALUES('zzslb1f3pz7iov7wx0sovwzl7m0mi08z','e30:1tIs9S:hJtKgHaktQ7fPDLYDoZnJtW5Gd5Tpt6k32ZgPSdPnuU','2024-12-18 16:22:58.769676');
INSERT INTO django_session VALUES('iedpfteb3dsv95ahvoddur64dte0tfw9','.eJxVjEsOwiAUAO_C2hBAvi7d9wzkvQdI1dCktCvj3ZWkC93OTObFIuxbjXvPa5wTu7AzO_0yBHrkNkS6Q7stnJa2rTPykfDDdj4tKT-vR_s3qNDr2DrntXFaJZJGgKGgsWhvCqH2Eg0UJ5JEDFZ9AbogoFgF0qokUAZi7w_PrDed:1tIsYa:UU9HLIO9yHnCtWwjGa1cRpyCiCSyXKqyuswlEk9m6RQ','2024-12-18 16:48:56.792676');
INSERT INTO django_session VALUES('hdtipkh2dnd4e37ubrxt30y6wpxb4nx5','.eJxVjEsOwiAUAO_C2hBAvi7d9wzkvQdI1dCktCvj3ZWkC93OTObFIuxbjXvPa5wTu7AzO_0yBHrkNkS6Q7stnJa2rTPykfDDdj4tKT-vR_s3qNDr2DrntXFaJZJGgKGgsWhvCqH2Eg0UJ5JEDFZ9AbogoFgF0qokUAZi7w_PrDed:1tItwr:9EljZ5jc02v6ASu8N1eYpXQpHQK2ZvjnQYpos7osunI','2024-12-18 18:18:05.687057');
INSERT INTO django_session VALUES('njhjvup9bp6qz81xavi6out4ei2t44ef','.eJxVjEsOwiAUAO_C2hBAvi7d9wzkvQdI1dCktCvj3ZWkC93OTObFIuxbjXvPa5wTu7AzO_0yBHrkNkS6Q7stnJa2rTPykfDDdj4tKT-vR_s3qNDr2DrntXFaJZJGgKGgsWhvCqH2Eg0UJ5JEDFZ9AbogoFgF0qokUAZi7w_PrDed:1tMWh9:WwXIBUjylGBFk3DJhWPQC93Rxv31vGUl2BaLvqZtM7I','2024-12-28 18:16:51.377311');
INSERT INTO django_session VALUES('6p7w80woswn4dsmd7psbzmjvl1cb58eo','.eJxVjEsOwiAUAO_C2hBAvi7d9wzkvQdI1dCktCvj3ZWkC93OTObFIuxbjXvPa5wTu7AzO_0yBHrkNkS6Q7stnJa2rTPykfDDdj4tKT-vR_s3qNDr2DrntXFaJZJGgKGgsWhvCqH2Eg0UJ5JEDFZ9AbogoFgF0qokUAZi7w_PrDed:1tQxvH:31k_ShTUybE7p1mJupbLft23fgAoh7JInZEUSdvbGvU','2025-01-10 00:09:47.051090');
INSERT INTO django_session VALUES('tw6u1cvam6mgjtl98ym0gukedvohrplh','.eJxVjEsOwiAUAO_C2hBAvi7d9wzkvQdI1dCktCvj3ZWkC93OTObFIuxbjXvPa5wTu7AzO_0yBHrkNkS6Q7stnJa2rTPykfDDdj4tKT-vR_s3qNDr2DrntXFaJZJGgKGgsWhvCqH2Eg0UJ5JEDFZ9AbogoFgF0qokUAZi7w_PrDed:1tRfBG:83Ds7PLLTnJ8Y02viosyl8VIMjOZHcgsG2ijcGNtpms','2025-01-11 22:21:10.303996');
INSERT INTO django_session VALUES('y9p23w28aiwcieb69wtuj8naj0hh4rva','.eJxVjEsOwiAUAO_C2hBAvi7d9wzkvQdI1dCktCvj3ZWkC93OTObFIuxbjXvPa5wTu7AzO_0yBHrkNkS6Q7stnJa2rTPykfDDdj4tKT-vR_s3qNDr2DrntXFaJZJGgKGgsWhvCqH2Eg0UJ5JEDFZ9AbogoFgF0qokUAZi7w_PrDed:1tS2PN:LAs-cdZIkE4Pc9IH7NaGL0aN0ryn9-H2Uk12N5pXDwc','2025-01-12 23:09:17.197566');
INSERT INTO django_session VALUES('x4t9a6szwxr02lh38vu4ytuli212th7x','.eJxVjEsOwiAUAO_C2hBAvi7d9wzkvQdI1dCktCvj3ZWkC93OTObFIuxbjXvPa5wTu7AzO_0yBHrkNkS6Q7stnJa2rTPykfDDdj4tKT-vR_s3qNDr2DrntXFaJZJGgKGgsWhvCqH2Eg0UJ5JEDFZ9AbogoFgF0qokUAZi7w_PrDed:1tS2yf:lBsCchZiFfoWL50x1waK8nfk4dHX9zWaUlL-sjjfpDI','2025-01-12 23:45:45.899233');
INSERT INTO django_session VALUES('7ivkts03pfmkabkmwrcpyk3ixjnw4x2m','.eJxVjEsOwiAUAO_C2hBAvi7d9wzkvQdI1dCktCvj3ZWkC93OTObFIuxbjXvPa5wTu7AzO_0yBHrkNkS6Q7stnJa2rTPykfDDdj4tKT-vR_s3qNDr2DrntXFaJZJGgKGgsWhvCqH2Eg0UJ5JEDFZ9AbogoFgF0qokUAZi7w_PrDed:1tS31d:c4gDl4EWBlnsqeYF62_ZHyKMJNFNo5Xk9b0qHtSmz6A','2025-01-12 23:48:49.376146');
INSERT INTO django_session VALUES('d43mzvqvantheyovvroqatcnzmiee5zo','.eJxVjEsOwiAUAO_C2hBAvi7d9wzkvQdI1dCktCvj3ZWkC93OTObFIuxbjXvPa5wTu7AzO_0yBHrkNkS6Q7stnJa2rTPykfDDdj4tKT-vR_s3qNDr2DrntXFaJZJGgKGgsWhvCqH2Eg0UJ5JEDFZ9AbogoFgF0qokUAZi7w_PrDed:1tTTKf:33bwm9A4rzeU_iC3D918KtFLHPt1cXLuqpQg2JO3y-Y','2025-01-16 22:06:21.206341');
INSERT INTO django_session VALUES('a0wu7meu75we2eisf1wxqx09skc9uq12','.eJxVjEsOwiAUAO_C2hBAvi7d9wzkvQdI1dCktCvj3ZWkC93OTObFIuxbjXvPa5wTu7AzO_0yBHrkNkS6Q7stnJa2rTPykfDDdj4tKT-vR_s3qNDr2DrntXFaJZJGgKGgsWhvCqH2Eg0UJ5JEDFZ9AbogoFgF0qokUAZi7w_PrDed:1tTmtk:mqT6r-XjKUb-zjTDmZeKrcsJQGHMbJfibSqEFzJTY0c','2025-01-17 18:59:52.346147');
INSERT INTO django_session VALUES('r5enrbu8ijcwuwaz7pv6u8190z7aib2p','.eJxVjEsOwiAUAO_C2hBAvi7d9wzkvQdI1dCktCvj3ZWkC93OTObFIuxbjXvPa5wTu7AzO_0yBHrkNkS6Q7stnJa2rTPykfDDdj4tKT-vR_s3qNDr2DrntXFaJZJGgKGgsWhvCqH2Eg0UJ5JEDFZ9AbogoFgF0qokUAZi7w_PrDed:1tUDdo:A8L9MidghewnVEKJdHAvNbKUETQnJQoxX6lPdF35A3c','2025-01-18 23:33:12.243456');
INSERT INTO django_session VALUES('02bj24uvzdfzrawrpors3gshw2fni3qf','.eJxVjEsOwiAUAO_C2hBAvi7d9wzkvQdI1dCktCvj3ZWkC93OTObFIuxbjXvPa5wTu7AzO_0yBHrkNkS6Q7stnJa2rTPykfDDdj4tKT-vR_s3qNDr2DrntXFaJZJGgKGgsWhvCqH2Eg0UJ5JEDFZ9AbogoFgF0qokUAZi7w_PrDed:1tUDiv:1ZV9oXS69XF6d0LhwinAd-H1eTLEx8mdyqlzrNx2Odc','2025-01-18 23:38:29.641765');
INSERT INTO django_session VALUES('tu4w6knz5pg2yn9xpi6drck9wi4tpmc0','.eJxVjEsOwiAUAO_C2hBAvi7d9wzkvQdI1dCktCvj3ZWkC93OTObFIuxbjXvPa5wTu7AzO_0yBHrkNkS6Q7stnJa2rTPykfDDdj4tKT-vR_s3qNDr2DrntXFaJZJGgKGgsWhvCqH2Eg0UJ5JEDFZ9AbogoFgF0qokUAZi7w_PrDed:1tUE4b:xdX9AawVgXP1y0hB94TfQGWn4Dn7lXzHcIrS9w1X0Lk','2025-01-19 00:00:53.733524');
INSERT INTO django_session VALUES('pg94ozqnt1ytkitw45sbuph459qelj5h','.eJxVjDsOwjAQBe_iGlmJf2tT0nMGy7tr4wBypDipEHeHSCmgfTPzXiKmba1x63mJE4uzsOL0u2GiR2474Htqt1nS3NZlQrkr8qBdXmfOz8vh_h3U1Ou3DjoYW4rSRNZhCKRZYTGoy4Aj2ADOAaP3qYAjBkUakrHZ-cLjgKDF-wPnSzf1:1tUEJh:pKju6qctAZTeSQXwTZMm70ZxjfNU0RjKzdH8ats_etk','2025-01-19 00:16:29.292960');
INSERT INTO django_session VALUES('iwp9jeu2nqvnuosa2imhd8vibdvq6e7x','.eJxVjDsOwjAQBe_iGlmJf2tT0nMGy7tr4wBypDipEHeHSCmgfTPzXiKmba1x63mJE4uzsOL0u2GiR2474Htqt1nS3NZlQrkr8qBdXmfOz8vh_h3U1Ou3DjoYW4rSRNZhCKRZYTGoy4Aj2ADOAaP3qYAjBkUakrHZ-cLjgKDF-wPnSzf1:1tUEe3:v080GN5p4nUPgZ-nRFMNosu9cFJCni7V-ipyuYGG1ko','2025-01-19 00:37:31.422407');
INSERT INTO django_session VALUES('5bsl4vykti9wspqfsqn8yybhabxpuqt9','.eJxVjEsOwiAUAO_C2hBAvi7d9wzkvQdI1dCktCvj3ZWkC93OTObFIuxbjXvPa5wTu7AzO_0yBHrkNkS6Q7stnJa2rTPykfDDdj4tKT-vR_s3qNDr2DrntXFaJZJGgKGgsWhvCqH2Eg0UJ5JEDFZ9AbogoFgF0qokUAZi7w_PrDed:1tUtio:LEyC_HOZuv9ISnN0KJrFsefCFv9KBk11XtHJQkhzpAg','2025-01-20 20:29:10.513600');
INSERT INTO django_session VALUES('23qpbmc8rg8yz2pdtp2e74n14diftkks','.eJxVjEsOwiAUAO_C2hBAvi7d9wzkvQdI1dCktCvj3ZWkC93OTObFIuxbjXvPa5wTu7AzO_0yBHrkNkS6Q7stnJa2rTPykfDDdj4tKT-vR_s3qNDr2DrntXFaJZJGgKGgsWhvCqH2Eg0UJ5JEDFZ9AbogoFgF0qokUAZi7w_PrDed:1tUyMn:egz8z4Qw9zhqpIW50AvF_5pmAbCNiS0YT2G_2TwttQU','2025-01-21 01:26:45.736641');
INSERT INTO django_session VALUES('t9n5bupcfpzv8ntufg2w5u0zhq1gd0z2','.eJxVjDsOwjAQBe_iGlmJf2tT0nMGy7tr4wBypDipEHeHSCmgfTPzXiKmba1x63mJE4uzsOL0u2GiR2474Htqt1nS3NZlQrkr8qBdXmfOz8vh_h3U1Ou3DjoYW4rSRNZhCKRZYTGoy4Aj2ADOAaP3qYAjBkUakrHZ-cLjgKDF-wPnSzf1:1tVCBV:pBwPRet9-ywRoWuGlaP4xAvEj50BoODuLJNLC0ZFq70','2025-01-21 16:12:01.209558');
INSERT INTO django_session VALUES('ufibyyee47k69bjv6opdcrozj1io29y7','.eJxVjEsOwiAUAO_C2hBAvi7d9wzkvQdI1dCktCvj3ZWkC93OTObFIuxbjXvPa5wTu7AzO_0yBHrkNkS6Q7stnJa2rTPykfDDdj4tKT-vR_s3qNDr2DrntXFaJZJGgKGgsWhvCqH2Eg0UJ5JEDFZ9AbogoFgF0qokUAZi7w_PrDed:1tWGhH:4nYBj80sBYNCs1xxQXTv9lj6YBiu7S2vAoGIYLilbLk','2025-01-24 15:13:15.551321');
INSERT INTO django_session VALUES('svwbnt2t9gl00gjn012g5j0xugxajrhf','.eJxVjEsOwiAUAO_C2hBAvi7d9wzkvQdI1dCktCvj3ZWkC93OTObFIuxbjXvPa5wTu7AzO_0yBHrkNkS6Q7stnJa2rTPykfDDdj4tKT-vR_s3qNDr2DrntXFaJZJGgKGgsWhvCqH2Eg0UJ5JEDFZ9AbogoFgF0qokUAZi7w_PrDed:1tWHX0:P3n253rikx0veJPGuwFu4ry7V5XLG-JWJy0Mkmxwodg','2025-01-24 16:06:42.980824');
INSERT INTO django_session VALUES('l2ktnu63akxoka7xue31rt2tepe0gtp2','.eJxVjEsOwiAUAO_C2hBAvi7d9wzkvQdI1dCktCvj3ZWkC93OTObFIuxbjXvPa5wTu7AzO_0yBHrkNkS6Q7stnJa2rTPykfDDdj4tKT-vR_s3qNDr2DrntXFaJZJGgKGgsWhvCqH2Eg0UJ5JEDFZ9AbogoFgF0qokUAZi7w_PrDed:1tX5gG:k1gcQx2OgQ68BCxW_Ys0su1589GZjUZtenH4Bz-cSxY','2025-01-26 21:39:36.839202');
INSERT INTO django_session VALUES('nrk7bjeo56fyk296c5bibrxg9xnwt0ai','.eJxVjEsOwiAUAO_C2hBAvi7d9wzkvQdI1dCktCvj3ZWkC93OTObFIuxbjXvPa5wTu7AzO_0yBHrkNkS6Q7stnJa2rTPykfDDdj4tKT-vR_s3qNDr2DrntXFaJZJGgKGgsWhvCqH2Eg0UJ5JEDFZ9AbogoFgF0qokUAZi7w_PrDed:1tXNyl:c5UBgxjZpthNYEtOeKoMbIDcA63HswVNLhfj2JbRkdE','2025-01-27 17:11:55.499986');
INSERT INTO django_session VALUES('0dg1pw356l68ge29ysl94ckjfpozyz1j','.eJxVjEsOwiAUAO_C2hBAvi7d9wzkvQdI1dCktCvj3ZWkC93OTObFIuxbjXvPa5wTu7AzO_0yBHrkNkS6Q7stnJa2rTPykfDDdj4tKT-vR_s3qNDr2DrntXFaJZJGgKGgsWhvCqH2Eg0UJ5JEDFZ9AbogoFgF0qokUAZi7w_PrDed:1tXmPF:XqLQ6fj0oKcy5ZANMcYKBCVvjR0TGw2nrkSE7rO2MLw','2025-01-28 19:16:53.701717');
INSERT INTO django_session VALUES('uapaalbsrf648xsofqturtqg6a67qucv','.eJxVjEsOwiAUAO_C2hBAvi7d9wzkvQdI1dCktCvj3ZWkC93OTObFIuxbjXvPa5wTu7AzO_0yBHrkNkS6Q7stnJa2rTPykfDDdj4tKT-vR_s3qNDr2DrntXFaJZJGgKGgsWhvCqH2Eg0UJ5JEDFZ9AbogoFgF0qokUAZi7w_PrDed:1tXmaP:1q1yImK27lrQckiiT0fum5UUjkWBhALnSpl4nUFqCds','2025-01-28 19:28:25.399864');
INSERT INTO django_session VALUES('lkth4hr8duv0tr3e4z0p1qxe0wd2rjp3','.eJxVjEsOwiAUAO_C2hBAvi7d9wzkvQdI1dCktCvj3ZWkC93OTObFIuxbjXvPa5wTu7AzO_0yBHrkNkS6Q7stnJa2rTPykfDDdj4tKT-vR_s3qNDr2DrntXFaJZJGgKGgsWhvCqH2Eg0UJ5JEDFZ9AbogoFgF0qokUAZi7w_PrDed:1tXmh2:FYMqM9MX7gGrkeEqomgvdEZLSdK2rU66rBjiQNqLbEY','2025-01-28 19:35:16.535141');
INSERT INTO django_session VALUES('ruiynweagl5ndstw6ly06g6nfncsxa2i','.eJxVjMEOwiAQRP-FsyHgUgSP3vsNZBcWqRpISnsy_rtt0oNe5jDvzbxFwHUpYe08hymJq7Di9NsRxifXHaQH1nuTsdVlnkjuijxol2NL_Lod7t9BwV62tXfGJ8dskkoe0EbUGgAckzZRKXPWkbbI6mIVep1pIMPgowXjIQ8kPl_XLTdp:1tY5dN:aBL23Nydd7rbMG0x_iIpUQYKb1PZdjDyXLrzdy0GXr0','2025-01-29 15:48:45.073497');
INSERT INTO django_session VALUES('f8vkt6svtl2y6s4aygedowgrii6dlu3x','.eJxVjMEOwiAQRP-FsyHgUgSP3vsNZBcWqRpISnsy_rtt0oNe5jDvzbxFwHUpYe08hymJq7Di9NsRxifXHaQH1nuTsdVlnkjuijxol2NL_Lod7t9BwV62tXfGJ8dskkoe0EbUGgAckzZRKXPWkbbI6mIVep1pIMPgowXjIQ8kPl_XLTdp:1tZBZN:hLVU5nQ-bsQjmnRcFLlI5jDGhMCNCjj2c0L9ry2Qq3A','2025-02-01 16:21:09.325892');
INSERT INTO django_session VALUES('5156mxvtmep40ngyhzo04bggdqbfsxpl','.eJxVjEsOwiAUAO_C2hBAvi7d9wzkvQdI1dCktCvj3ZWkC93OTObFIuxbjXvPa5wTu7AzO_0yBHrkNkS6Q7stnJa2rTPykfDDdj4tKT-vR_s3qNDr2DrntXFaJZJGgKGgsWhvCqH2Eg0UJ5JEDFZ9AbogoFgF0qokUAZi7w_PrDed:1tZDSg:XlCjA_F1gntFbGpU1WU-kvYKuYEgehZBX4b_aCbXgMw','2025-02-01 18:22:22.126167');
INSERT INTO django_session VALUES('lokmy17169s662aqv5gp4wm5cnd0dkxi','.eJxVjDsOwjAQBe_iGll2gn-U9DmDtd5d4wCypTipEHeHSCmgfTPzXiLCtpa4dV7iTOIinDj9bgnwwXUHdId6axJbXZc5yV2RB-1yasTP6-H-HRTo5VtrdpSRs_fe6aCAFQemgckyhHzOCq0GT0aZxCN6Zw2MNiQdEMdBEYj3BxQTONU:1tZaE2:IJwQWGM5oRkcOBvZPW_EI2zg1BfrZxVyBO9eAGlw42w','2025-02-02 18:40:46.784076');
INSERT INTO django_session VALUES('pvi0493lpburpnb2o9bkqcnyjjvvoqob','.eJxVjEsOwiAUAO_C2hBAvi7d9wzkvQdI1dCktCvj3ZWkC93OTObFIuxbjXvPa5wTu7AzO_0yBHrkNkS6Q7stnJa2rTPykfDDdj4tKT-vR_s3qNDr2DrntXFaJZJGgKGgsWhvCqH2Eg0UJ5JEDFZ9AbogoFgF0qokUAZi7w_PrDed:1tZaWw:emQKGngywzpGAMukstXwpsEf0ZGNJNchveafGvARdUw','2025-02-02 19:00:18.029932');
INSERT INTO django_session VALUES('ewkd9gu7n7oq9wpbpcoarkqctf1lsibt','.eJxVjDsOwjAQBe_iGll2gn-U9DmDtd5d4wCypTipEHeHSCmgfTPzXiLCtpa4dV7iTOIinDj9bgnwwXUHdId6axJbXZc5yV2RB-1yasTP6-H-HRTo5VtrdpSRs_fe6aCAFQemgckyhHzOCq0GT0aZxCN6Zw2MNiQdEMdBEYj3BxQTONU:1tZvHQ:MR2muIrGeXNLbtUFY9K0AIDZkaPr0LJ6ZYfnTSbju9g','2025-02-03 17:09:40.479501');
INSERT INTO django_session VALUES('7tsj83qida1irxtn5776g22ig959veci','.eJxVjMEOwiAQRP-FsyHgUgSP3vsNZBcWqRpISnsy_rtt0oNe5jDvzbxFwHUpYe08hymJq7Di9NsRxifXHaQH1nuTsdVlnkjuijxol2NL_Lod7t9BwV62tXfGJ8dskkoe0EbUGgAckzZRKXPWkbbI6mIVep1pIMPgowXjIQ8kPl_XLTdp:1tZvQc:cmmDkSHodoSLGgD6CFjsOmkyxC_a_0sgCBQXgC4uoUk','2025-02-03 17:19:10.784879');
INSERT INTO django_session VALUES('9pk1yxgtrkfgeit0axfl0xztobbncv9c','.eJxVjDsOwjAQBe_iGll2gn-U9DmDtd5d4wCypTipEHeHSCmgfTPzXiLCtpa4dV7iTOIinDj9bgnwwXUHdId6axJbXZc5yV2RB-1yasTP6-H-HRTo5VtrdpSRs_fe6aCAFQemgckyhHzOCq0GT0aZxCN6Zw2MNiQdEMdBEYj3BxQTONU:1tZvWf:-4lG6pNOImNRW8B0bj2iHFgJ5-6JrwkohzcqK1dOCKs','2025-02-03 17:25:25.894856');
INSERT INTO django_session VALUES('w36lgzmscp4e2042r5ouum9ka1g8xpd4','.eJxVjEEOwiAQRe_C2hAmpQO4dO8ZyDADUjU0Ke3KeHdt0oVu_3vvv1Skba1x63mJk6izAlCn3zERP3Lbidyp3WbNc1uXKeld0Qft-jpLfl4O9--gUq_fOowBxFmhbHl02biS2RB6KEyAiIYH6xwg2OTJkFgOg_hiyQmSZ1HvDwnCOGg:1tdFq9:EXDo6zrcfogsABHeDPDpMo9kEdD6fBXX7PEtjZVDGAI','2025-02-12 21:43:17.407947');
INSERT INTO django_session VALUES('faxiv0rr4kxzfi3eqgu34ctx8ky648z8','.eJxVjEsOwiAUAO_C2hBAvi7d9wzkvQdI1dCktCvj3ZWkC93OTObFIuxbjXvPa5wTu7AzO_0yBHrkNkS6Q7stnJa2rTPykfDDdj4tKT-vR_s3qNDr2DrntXFaJZJGgKGgsWhvCqH2Eg0UJ5JEDFZ9AbogoFgF0qokUAZi7w_PrDed:1tfVyn:MNho_jVyzBRS39u00TAWQkRlnmdoGLLGy10ISnzrHT4','2025-02-19 03:21:33.384523');
INSERT INTO django_session VALUES('u6n9uz1f0zloufup3953x21mxwrg59du','.eJxVjDsOwjAQBe_iGll2HP8o6TmDtetd4wBypDipEHeHSCmgfTPzXiLBtta0dV7SROIs9CBOvyNCfnDbCd2h3WaZ57YuE8pdkQft8joTPy-H-3dQoddv7ZCYHKJxJXIArTIG40npkTWVOHobVHFsAg1MvlA0AGTBecucA2Xx_gAwIzlo:1tgq7Q:Xih1KAc6Qh3aQ9zuy-aL974M0myCikgk6xareBV2I4s','2025-02-22 19:03:56.489406');
INSERT INTO django_session VALUES('4716diw0ol3eejqfm5k9m427gosd26fc','.eJxVjEsOwiAUAO_C2hBAvi7d9wzkvQdI1dCktCvj3ZWkC93OTObFIuxbjXvPa5wTu7AzO_0yBHrkNkS6Q7stnJa2rTPykfDDdj4tKT-vR_s3qNDr2DrntXFaJZJGgKGgsWhvCqH2Eg0UJ5JEDFZ9AbogoFgF0qokUAZi7w_PrDed:1thBD9:MOXrTcmu0pnzXYyDgJ6NILiD6KEv8WPe2rFEe8BsRSQ','2025-02-23 17:35:15.947061');
INSERT INTO django_session VALUES('o1ho9qctbdixp656cnr5lswk2749if32','.eJxVjDsOwjAQBe_iGll2HP8o6TmDtetd4wBypDipEHeHSCmgfTPzXiLBtta0dV7SROIs9CBOvyNCfnDbCd2h3WaZ57YuE8pdkQft8joTPy-H-3dQoddv7ZCYHKJxJXIArTIG40npkTWVOHobVHFsAg1MvlA0AGTBecucA2Xx_gAwIzlo:1thBZb:7HYPEUCrj-yafEVVn3gGvdwKC3ChOYWLBxohGusjzCk','2025-02-23 17:58:27.990716');
INSERT INTO django_session VALUES('v5m32xx3ldwofa75zqsonh9s7en39n5o','.eJxVjEsOwiAUAO_C2hBAvi7d9wzkvQdI1dCktCvj3ZWkC93OTObFIuxbjXvPa5wTu7AzO_0yBHrkNkS6Q7stnJa2rTPykfDDdj4tKT-vR_s3qNDr2DrntXFaJZJGgKGgsWhvCqH2Eg0UJ5JEDFZ9AbogoFgF0qokUAZi7w_PrDed:1thC7f:THQd81cqfcGoWV0kj7VwpcQgXH1xE22LE6dPYP8IACQ','2025-02-23 18:33:39.926670');
INSERT INTO django_session VALUES('cktq9hcwojpo8mr5xpupm1u65z9e7o0f','.eJxVjEsOwiAUAO_C2hBAvi7d9wzkvQdI1dCktCvj3ZWkC93OTObFIuxbjXvPa5wTu7AzO_0yBHrkNkS6Q7stnJa2rTPykfDDdj4tKT-vR_s3qNDr2DrntXFaJZJGgKGgsWhvCqH2Eg0UJ5JEDFZ9AbogoFgF0qokUAZi7w_PrDed:1thCi3:VLdpjSNt62M7By_LxU--bIVhrgYKo6RdVfedvuGDcSs','2025-02-23 19:11:15.190521');
INSERT INTO django_session VALUES('xp1f3an412a6f4uufe4zoe5jpxudwqkm','.eJxVjEsOwiAUAO_C2hBAvi7d9wzkvQdI1dCktCvj3ZWkC93OTObFIuxbjXvPa5wTu7AzO_0yBHrkNkS6Q7stnJa2rTPykfDDdj4tKT-vR_s3qNDr2DrntXFaJZJGgKGgsWhvCqH2Eg0UJ5JEDFZ9AbogoFgF0qokUAZi7w_PrDed:1thCmy:0VHjtqMOtqCbCZnmdo6GHkRNhCdvDUrwfTB6romvVLE','2025-02-23 19:16:20.537372');
INSERT INTO django_session VALUES('d7imewaoatl2vb4hry4sz2aa67ovpysq','.eJxVjEsOwiAUAO_C2hBAvi7d9wzkvQdI1dCktCvj3ZWkC93OTObFIuxbjXvPa5wTu7AzO_0yBHrkNkS6Q7stnJa2rTPykfDDdj4tKT-vR_s3qNDr2DrntXFaJZJGgKGgsWhvCqH2Eg0UJ5JEDFZ9AbogoFgF0qokUAZi7w_PrDed:1thCtl:-Hb9tWsqO8mxKRZE9VQgWv-cC01wmWRNJWpjRH3Y7-U','2025-02-23 19:23:21.455956');
INSERT INTO django_session VALUES('gg828snfputuw04dn1tgggftyq471twy','.eJxVjEsOwiAUAO_C2hBAvi7d9wzkvQdI1dCktCvj3ZWkC93OTObFIuxbjXvPa5wTu7AzO_0yBHrkNkS6Q7stnJa2rTPykfDDdj4tKT-vR_s3qNDr2DrntXFaJZJGgKGgsWhvCqH2Eg0UJ5JEDFZ9AbogoFgF0qokUAZi7w_PrDed:1thaY4:jaF5aBD4BCs6_0NwkEgFo2QCl60UbBNZg1ee1elkfCc','2025-02-24 20:38:32.919274');
INSERT INTO django_session VALUES('mw501lj8rmhky7jr05bbofqmais5ueaa','.eJxVjEsOwiAUAO_C2hBAvi7d9wzkvQdI1dCktCvj3ZWkC93OTObFIuxbjXvPa5wTu7AzO_0yBHrkNkS6Q7stnJa2rTPykfDDdj4tKT-vR_s3qNDr2DrntXFaJZJGgKGgsWhvCqH2Eg0UJ5JEDFZ9AbogoFgF0qokUAZi7w_PrDed:1ti0oy:HX8NDaUt6dcBglSf0XpLo6CRYHEVXGSoQFkwwXAG7gs','2025-02-26 00:41:44.179048');
INSERT INTO django_session VALUES('hjt2jdzttayake91lqki9rpzr8mdntac','.eJxVjEsOwiAUAO_C2hBAvi7d9wzkvQdI1dCktCvj3ZWkC93OTObFIuxbjXvPa5wTu7AzO_0yBHrkNkS6Q7stnJa2rTPykfDDdj4tKT-vR_s3qNDr2DrntXFaJZJGgKGgsWhvCqH2Eg0UJ5JEDFZ9AbogoFgF0qokUAZi7w_PrDed:1tiFXP:DeICGlU3Ey7dHI2bZ86hDDzeEoK9Jbh5-vzRLajtB_g','2025-02-26 16:24:35.473257');
INSERT INTO django_session VALUES('iplqeiday79ywml53iyb4g59zfk14ckl','.eJxVjDsOwjAQBe_iGll2HP8o6TmDtetd4wBypDipEHeHSCmgfTPzXiLBtta0dV7SROIs9CBOvyNCfnDbCd2h3WaZ57YuE8pdkQft8joTPy-H-3dQoddv7ZCYHKJxJXIArTIG40npkTWVOHobVHFsAg1MvlA0AGTBecucA2Xx_gAwIzlo:1tiJhW:Vb2mEwgp7cDTcvHNUB-89RpGSZjeX7sqw7SE7powc00','2025-02-26 20:51:18.676617');
INSERT INTO django_session VALUES('oxu4cqpcmf8v968uyeqz50ww5p0i6dnv','.eJxVjEsOwiAUAO_C2hBAvi7d9wzkvQdI1dCktCvj3ZWkC93OTObFIuxbjXvPa5wTu7AzO_0yBHrkNkS6Q7stnJa2rTPykfDDdj4tKT-vR_s3qNDr2DrntXFaJZJGgKGgsWhvCqH2Eg0UJ5JEDFZ9AbogoFgF0qokUAZi7w_PrDed:1tibJt:dAUV18po4DRWTAQIFnmykcTBpfm8FNllyLxNvI0TugA','2025-02-27 15:40:05.522968');
INSERT INTO django_session VALUES('5zd7rwexzh74u7l6a6wsbd8ft9ne4xyu','.eJxVjM0OwiAQhN-FsyHL8qN49N5nIAtspWogKe3J-O62SQ96m8z3zbxFoHUpYe08hymLq1BanH7LSOnJdSf5QfXeZGp1macod0UetMuhZX7dDvfvoFAv25rAuNGeTdaIyUVAIPTJa7JkOSuTE0VCDXihtGW2nh2AUZ4VoFOj-HwBBek4BQ:1tibdw:IFuzl46bTqM1ZxcmLmV78kSG9YxT9hyblPpzp8ydkN8','2025-02-27 16:00:48.171223');
INSERT INTO django_session VALUES('8tv96sa56gh06a0vplbsondrc3k5l7wl','.eJxVjDsOwjAQBe_iGll2HP8o6TmDtetd4wBypDipEHeHSCmgfTPzXiLBtta0dV7SROIs9CBOvyNCfnDbCd2h3WaZ57YuE8pdkQft8joTPy-H-3dQoddv7ZCYHKJxJXIArTIG40npkTWVOHobVHFsAg1MvlA0AGTBecucA2Xx_gAwIzlo:1tkAxQ:7RwPQ3-y0ms5j8oLSRK8K18GSNL7zMEQd4QA891g_CE','2025-03-03 23:55:24.007732');
INSERT INTO django_session VALUES('lcog49vfbkhyfpponqn79e68xu88vhzl','.eJxVjEsOwiAUAO_C2hBAvi7d9wzkvQdI1dCktCvj3ZWkC93OTObFIuxbjXvPa5wTu7AzO_0yBHrkNkS6Q7stnJa2rTPykfDDdj4tKT-vR_s3qNDr2DrntXFaJZJGgKGgsWhvCqH2Eg0UJ5JEDFZ9AbogoFgF0qokUAZi7w_PrDed:1tkWBA:DA9Siv-ZMz0sWvgJHdO168B8C0xmHjtUud0PnxDffT4','2025-03-04 22:35:00.701478');
CREATE TABLE IF NOT EXISTS "exchange_skillcategory" ("id" integer NOT NULL PRIMARY KEY AUTOINCREMENT, "name" varchar(100) NOT NULL);
INSERT INTO exchange_skillcategory VALUES(1,'Outdoors and sports');
INSERT INTO exchange_skillcategory VALUES(2,'Educational hobby');
INSERT INTO exchange_skillcategory VALUES(3,'Indoor Collection hobby');
INSERT INTO exchange_skillcategory VALUES(4,'Outdoor Collection hobby');
INSERT INTO exchange_skillcategory VALUES(5,'Indoor Competitive hobby');
INSERT INTO exchange_skillcategory VALUES(6,'Outdoor Competitive hobby');
INSERT INTO exchange_skillcategory VALUES(7,'Indoor Observation hobby');
INSERT INTO exchange_skillcategory VALUES(8,'Outdoor Observation hobby');
CREATE TABLE IF NOT EXISTS "exchange_userprofile_skills_needed" ("id" integer NOT NULL PRIMARY KEY AUTOINCREMENT, "userprofile_id" bigint NOT NULL REFERENCES "exchange_userprofile" ("id") DEFERRABLE INITIALLY DEFERRED, "skill_id" bigint NOT NULL REFERENCES "exchange_skill" ("id") DEFERRABLE INITIALLY DEFERRED);
INSERT INTO exchange_userprofile_skills_needed VALUES(1,7,4);
INSERT INTO exchange_userprofile_skills_needed VALUES(2,4,5);
CREATE TABLE IF NOT EXISTS "exchange_userprofile_skills_offered" ("id" integer NOT NULL PRIMARY KEY AUTOINCREMENT, "userprofile_id" bigint NOT NULL REFERENCES "exchange_userprofile" ("id") DEFERRABLE INITIALLY DEFERRED, "skill_id" bigint NOT NULL REFERENCES "exchange_skill" ("id") DEFERRABLE INITIALLY DEFERRED);
INSERT INTO exchange_userprofile_skills_offered VALUES(1,7,3);
INSERT INTO exchange_userprofile_skills_offered VALUES(2,4,2);
CREATE TABLE IF NOT EXISTS "exchange_skill_providers" ("id" integer NOT NULL PRIMARY KEY AUTOINCREMENT, "skill_id" bigint NOT NULL REFERENCES "exchange_skill" ("id") DEFERRABLE INITIALLY DEFERRED, "skillprovider_id" bigint NOT NULL REFERENCES "exchange_skillprovider" ("id") DEFERRABLE INITIALLY DEFERRED);
INSERT INTO exchange_skill_providers VALUES(2,428,1);
INSERT INTO exchange_skill_providers VALUES(3,3,1);
INSERT INTO exchange_skill_providers VALUES(5,2,1);
INSERT INTO exchange_skill_providers VALUES(7,18,1);
INSERT INTO exchange_skill_providers VALUES(8,283,1);
INSERT INTO exchange_skill_providers VALUES(9,402,1);
INSERT INTO exchange_skill_providers VALUES(12,431,2);
INSERT INTO exchange_skill_providers VALUES(16,278,3);
INSERT INTO exchange_skill_providers VALUES(17,22,3);
INSERT INTO exchange_skill_providers VALUES(18,65,4);
CREATE TABLE IF NOT EXISTS "exchange_skill" ("id" integer NOT NULL PRIMARY KEY AUTOINCREMENT, "description" text NOT NULL, "image" varchar(100) NULL, "category_id" bigint NOT NULL REFERENCES "exchange_skillcategory" ("id") DEFERRABLE INITIALLY DEFERRED, "title" varchar(255) NOT NULL);
INSERT INTO exchange_skill VALUES(2,'I''ll teach you tactics, gun handling & safety, and organize games/scenarios. In exchange, I''m looking for skills in photography, videography, or outdoor gear repair. Let''s exchange skills and level up together!','skill_images/airsoft.jpg',1,'Airsoft');
INSERT INTO exchange_skill VALUES(3,'Geology enthusiast! I''ll share knowledge on rock identification, geological mapping, and mineral exploration. Open to any skill exchange.','skill_images/geology.jpg',8,'Amateur geology');
INSERT INTO exchange_skill VALUES(4,'Description here','default_image.jpg',1,'Amusement park visiting');
INSERT INTO exchange_skill VALUES(5,'Description here','default_image.jpg',1,'Archery');
INSERT INTO exchange_skill VALUES(6,'Description here','default_image.jpg',1,'Auto detailing');
INSERT INTO exchange_skill VALUES(7,'Description here','default_image.jpg',1,'Automobilism');
INSERT INTO exchange_skill VALUES(8,'Description here','default_image.jpg',1,'Astronomy');
INSERT INTO exchange_skill VALUES(9,'Description here','default_image.jpg',1,'Backpacking');
INSERT INTO exchange_skill VALUES(10,'Description here','default_image.jpg',1,'Badminton');
INSERT INTO exchange_skill VALUES(11,'Description here','default_image.jpg',1,'BASE jumping');
INSERT INTO exchange_skill VALUES(12,'Description here','default_image.jpg',1,'Baseball');
INSERT INTO exchange_skill VALUES(13,'Description here','default_image.jpg',1,'Basketball');
INSERT INTO exchange_skill VALUES(14,'Description here','default_image.jpg',1,'Beachcombing');
INSERT INTO exchange_skill VALUES(15,'Description here','default_image.jpg',1,'Beekeeping');
INSERT INTO exchange_skill VALUES(16,'Description here','default_image.jpg',1,'Birdwatching');
INSERT INTO exchange_skill VALUES(17,'Description here','default_image.jpg',1,'Blacksmithing');
INSERT INTO exchange_skill VALUES(18,'Been in the BMX game for around 5 years. I am looking for some graphic design exchange skills.','skill_images/bmx.jpg',8,'BMX');
INSERT INTO exchange_skill VALUES(19,'Description here','default_image.jpg',1,'Board sports');
INSERT INTO exchange_skill VALUES(20,'Description here','default_image.jpg',1,'Bodybuilding');
INSERT INTO exchange_skill VALUES(21,'Description here','default_image.jpg',1,'Bus riding');
INSERT INTO exchange_skill VALUES(22,'Been on the camping game for quite a while, and I''m happy to share my knowledge on setting up campfires, a tent, and hunting.','skill_images/camping.jpg',8,'Camping');
INSERT INTO exchange_skill VALUES(23,'Description here','default_image.jpg',1,'Canoeing');
INSERT INTO exchange_skill VALUES(24,'Description here','default_image.jpg',1,'Canyoning');
INSERT INTO exchange_skill VALUES(25,'Description here','default_image.jpg',1,'Carrier pigeons');
INSERT INTO exchange_skill VALUES(26,'Description here','default_image.jpg',1,'Car riding');
INSERT INTO exchange_skill VALUES(27,'Description here','default_image.jpg',1,'Car tuning');
INSERT INTO exchange_skill VALUES(28,'Description here','default_image.jpg',1,'Caving');
INSERT INTO exchange_skill VALUES(29,'Description here','default_image.jpg',1,'City trip');
INSERT INTO exchange_skill VALUES(30,'Description here','default_image.jpg',1,'Climbing');
INSERT INTO exchange_skill VALUES(31,'Description here','default_image.jpg',1,'Composting');
INSERT INTO exchange_skill VALUES(32,'Description here','default_image.jpg',1,'Croquet');
INSERT INTO exchange_skill VALUES(33,'Description here','default_image.jpg',1,'Cycling');
INSERT INTO exchange_skill VALUES(34,'Description here','default_image.jpg',1,'Dairy Farming');
INSERT INTO exchange_skill VALUES(35,'Description here','default_image.jpg',1,'Dandyism');
INSERT INTO exchange_skill VALUES(36,'Description here','default_image.jpg',1,'Darts');
INSERT INTO exchange_skill VALUES(37,'Description here','default_image.jpg',1,'Dodgeball');
INSERT INTO exchange_skill VALUES(38,'Description here','default_image.jpg',1,'Dog training');
INSERT INTO exchange_skill VALUES(39,'Description here','default_image.jpg',1,'Dog walking');
INSERT INTO exchange_skill VALUES(40,'Description here','default_image.jpg',1,'Dowsing');
INSERT INTO exchange_skill VALUES(41,'Description here','default_image.jpg',1,'Driving');
INSERT INTO exchange_skill VALUES(42,'Description here','default_image.jpg',1,'Farming');
INSERT INTO exchange_skill VALUES(43,'Description here','default_image.jpg',1,'Fishing');
INSERT INTO exchange_skill VALUES(44,'Description here','default_image.jpg',1,'Flag football');
INSERT INTO exchange_skill VALUES(45,'Description here','default_image.jpg',1,'Flower growing');
INSERT INTO exchange_skill VALUES(46,'Description here','default_image.jpg',1,'Flying');
INSERT INTO exchange_skill VALUES(47,'Description here','default_image.jpg',1,'Flying disc');
INSERT INTO exchange_skill VALUES(48,'Description here','default_image.jpg',1,'Flying model planes');
INSERT INTO exchange_skill VALUES(49,'Description here','default_image.jpg',1,'Foraging');
INSERT INTO exchange_skill VALUES(50,'Description here','default_image.jpg',1,'Fossicking');
INSERT INTO exchange_skill VALUES(51,'Description here','default_image.jpg',1,'Freestyle football');
INSERT INTO exchange_skill VALUES(52,'Description here','default_image.jpg',1,'Fruit picking');
INSERT INTO exchange_skill VALUES(53,'Description here','default_image.jpg',1,'Gardening');
INSERT INTO exchange_skill VALUES(54,'Description here','default_image.jpg',1,'Geocaching');
INSERT INTO exchange_skill VALUES(55,'Description here','default_image.jpg',1,'Ghost hunting');
INSERT INTO exchange_skill VALUES(56,'Description here','default_image.jpg',1,'Gold prospecting');
INSERT INTO exchange_skill VALUES(57,'Description here','default_image.jpg',1,'Graffiti');
INSERT INTO exchange_skill VALUES(58,'Description here','default_image.jpg',1,'Groundhopping');
INSERT INTO exchange_skill VALUES(59,'Description here','default_image.jpg',1,'Guerrilla gardening');
INSERT INTO exchange_skill VALUES(60,'Description here','default_image.jpg',1,'Gymnastics');
INSERT INTO exchange_skill VALUES(61,'Description here','default_image.jpg',1,'Handball');
INSERT INTO exchange_skill VALUES(62,'Description here','default_image.jpg',1,'Herbalism');
INSERT INTO exchange_skill VALUES(63,'Description here','default_image.jpg',1,'Herping');
INSERT INTO exchange_skill VALUES(64,'Description here','default_image.jpg',1,'High-power rocketry');
INSERT INTO exchange_skill VALUES(65,'I''m excited to share my knowledge with you. In this skills exchange, I''ll teach you the basics of hiking, from planning and preparation to navigation and safety.','skill_images/hiking_group.jpg',1,'Hiking');
INSERT INTO exchange_skill VALUES(66,'Description here','default_image.jpg',1,'Hobby horsing');
INSERT INTO exchange_skill VALUES(67,'Description here','default_image.jpg',1,'Hobby tunneling');
INSERT INTO exchange_skill VALUES(68,'Description here','default_image.jpg',1,'Hooping');
INSERT INTO exchange_skill VALUES(69,'Description here','default_image.jpg',1,'Horseback riding');
INSERT INTO exchange_skill VALUES(70,'Description here','default_image.jpg',1,'Hunting');
INSERT INTO exchange_skill VALUES(71,'Description here','default_image.jpg',1,'Inline skating');
INSERT INTO exchange_skill VALUES(72,'Description here','default_image.jpg',1,'Jogging');
INSERT INTO exchange_skill VALUES(73,'Description here','default_image.jpg',1,'Jumping rope');
INSERT INTO exchange_skill VALUES(74,'Description here','default_image.jpg',1,'Karting');
INSERT INTO exchange_skill VALUES(75,'Description here','default_image.jpg',1,'Kayaking');
INSERT INTO exchange_skill VALUES(76,'Description here','default_image.jpg',1,'Kite flying');
INSERT INTO exchange_skill VALUES(77,'Description here','default_image.jpg',1,'Kitesurfing');
INSERT INTO exchange_skill VALUES(78,'Description here','default_image.jpg',1,'Lacrosse');
INSERT INTO exchange_skill VALUES(79,'Description here','default_image.jpg',1,'LARPing');
INSERT INTO exchange_skill VALUES(80,'Description here','default_image.jpg',1,'Letterboxing');
INSERT INTO exchange_skill VALUES(81,'Description here','default_image.jpg',1,'Lomography');
INSERT INTO exchange_skill VALUES(82,'Description here','default_image.jpg',1,'Longboarding');
INSERT INTO exchange_skill VALUES(83,'Description here','default_image.jpg',1,'Martial arts');
INSERT INTO exchange_skill VALUES(84,'Description here','default_image.jpg',1,'Magnet fishing');
INSERT INTO exchange_skill VALUES(85,'Description here','default_image.jpg',1,'Metal detecting');
INSERT INTO exchange_skill VALUES(86,'Description here','default_image.jpg',1,'Motorcycling');
INSERT INTO exchange_skill VALUES(87,'Description here','default_image.jpg',1,'Meteorology');
INSERT INTO exchange_skill VALUES(88,'Description here','default_image.jpg',1,'Motor sports');
INSERT INTO exchange_skill VALUES(89,'Description here','default_image.jpg',1,'Mountain biking');
INSERT INTO exchange_skill VALUES(90,'Description here','default_image.jpg',1,'Mountaineering');
INSERT INTO exchange_skill VALUES(91,'Description here','default_image.jpg',1,'Museum visiting');
INSERT INTO exchange_skill VALUES(92,'Description here','default_image.jpg',1,'Mushroom hunting/mycology');
INSERT INTO exchange_skill VALUES(93,'Description here','default_image.jpg',1,'Netball');
INSERT INTO exchange_skill VALUES(94,'Description here','default_image.jpg',1,'Noodling');
INSERT INTO exchange_skill VALUES(95,'Description here','default_image.jpg',1,'Nordic skating');
INSERT INTO exchange_skill VALUES(96,'Description here','default_image.jpg',1,'Orienteering');
INSERT INTO exchange_skill VALUES(97,'Description here','default_image.jpg',1,'Paintball');
INSERT INTO exchange_skill VALUES(98,'Description here','default_image.jpg',1,'Paragliding');
INSERT INTO exchange_skill VALUES(99,'Description here','default_image.jpg',1,'Parkour');
INSERT INTO exchange_skill VALUES(100,'Description here','default_image.jpg',1,'Photography');
INSERT INTO exchange_skill VALUES(101,'Description here','default_image.jpg',1,'Pickleball');
INSERT INTO exchange_skill VALUES(102,'Description here','default_image.jpg',1,'Picnicking');
INSERT INTO exchange_skill VALUES(103,'Description here','default_image.jpg',1,'Podcast hosting');
INSERT INTO exchange_skill VALUES(104,'Description here','default_image.jpg',1,'Polo');
INSERT INTO exchange_skill VALUES(105,'Description here','default_image.jpg',1,'Powerlifting');
INSERT INTO exchange_skill VALUES(106,'Description here','default_image.jpg',1,'Public transport riding');
INSERT INTO exchange_skill VALUES(107,'Description here','default_image.jpg',1,'Qigong');
INSERT INTO exchange_skill VALUES(108,'Description here','default_image.jpg',1,'Radio-controlled model playing');
INSERT INTO exchange_skill VALUES(109,'Description here','default_image.jpg',1,'Rafting');
INSERT INTO exchange_skill VALUES(110,'Description here','default_image.jpg',1,'Railway journeys');
INSERT INTO exchange_skill VALUES(111,'Description here','default_image.jpg',1,'Railway modelling');
INSERT INTO exchange_skill VALUES(112,'Description here','default_image.jpg',1,'Rappelling');
INSERT INTO exchange_skill VALUES(113,'Description here','default_image.jpg',1,'Renaissance fair');
INSERT INTO exchange_skill VALUES(114,'Description here','default_image.jpg',1,'Renovating');
INSERT INTO exchange_skill VALUES(115,'Description here','default_image.jpg',1,'Road biking');
INSERT INTO exchange_skill VALUES(116,'Description here','default_image.jpg',1,'Rock climbing');
INSERT INTO exchange_skill VALUES(117,'Description here','default_image.jpg',1,'Rock painting');
INSERT INTO exchange_skill VALUES(118,'Description here','default_image.jpg',1,'Roller skating');
INSERT INTO exchange_skill VALUES(119,'Description here','default_image.jpg',1,'Roundnet');
INSERT INTO exchange_skill VALUES(120,'Description here','default_image.jpg',1,'Rugby');
INSERT INTO exchange_skill VALUES(121,'Description here','default_image.jpg',1,'Running');
INSERT INTO exchange_skill VALUES(122,'Description here','default_image.jpg',1,'Safari');
INSERT INTO exchange_skill VALUES(123,'Description here','default_image.jpg',1,'Sailing');
INSERT INTO exchange_skill VALUES(124,'Description here','default_image.jpg',1,'Sand art');
INSERT INTO exchange_skill VALUES(125,'Description here','default_image.jpg',1,'Scouting');
INSERT INTO exchange_skill VALUES(126,'Description here','default_image.jpg',1,'Scuba diving');
INSERT INTO exchange_skill VALUES(127,'Description here','default_image.jpg',1,'Sculling or rowing');
INSERT INTO exchange_skill VALUES(128,'Description here','default_image.jpg',1,'Shooting');
INSERT INTO exchange_skill VALUES(129,'Description here','default_image.jpg',1,'Shopping');
INSERT INTO exchange_skill VALUES(130,'Description here','default_image.jpg',1,'Shuffleboard');
INSERT INTO exchange_skill VALUES(131,'Description here','default_image.jpg',1,'Skateboarding');
INSERT INTO exchange_skill VALUES(132,'Description here','default_image.jpg',1,'Skiing');
INSERT INTO exchange_skill VALUES(133,'Description here','default_image.jpg',1,'Skimboarding');
INSERT INTO exchange_skill VALUES(134,'Description here','default_image.jpg',1,'Skydiving');
INSERT INTO exchange_skill VALUES(135,'Description here','default_image.jpg',1,'Slacklining');
INSERT INTO exchange_skill VALUES(136,'Description here','default_image.jpg',1,'Sledding');
INSERT INTO exchange_skill VALUES(137,'Description here','default_image.jpg',1,'Snorkeling');
INSERT INTO exchange_skill VALUES(138,'Description here','default_image.jpg',1,'Snowboarding');
INSERT INTO exchange_skill VALUES(139,'Description here','default_image.jpg',1,'Snowmobiling');
INSERT INTO exchange_skill VALUES(140,'Description here','default_image.jpg',1,'Snowshoeing');
INSERT INTO exchange_skill VALUES(141,'Description here','default_image.jpg',1,'Soccer');
INSERT INTO exchange_skill VALUES(142,'Description here','default_image.jpg',1,'Stone skipping');
INSERT INTO exchange_skill VALUES(143,'Description here','default_image.jpg',1,'Storm chasing');
INSERT INTO exchange_skill VALUES(144,'Description here','default_image.jpg',1,'Sun bathing');
INSERT INTO exchange_skill VALUES(145,'Description here','default_image.jpg',1,'Surfing');
INSERT INTO exchange_skill VALUES(146,'Description here','default_image.jpg',1,'Survivalism');
INSERT INTO exchange_skill VALUES(147,'Description here','default_image.jpg',1,'Swimming');
INSERT INTO exchange_skill VALUES(148,'Description here','default_image.jpg',1,'Table tennis playing');
INSERT INTO exchange_skill VALUES(149,'Description here','default_image.jpg',1,'Taekwondo');
INSERT INTO exchange_skill VALUES(150,'Description here','default_image.jpg',1,'Tai chi');
INSERT INTO exchange_skill VALUES(151,'Description here','default_image.jpg',1,'Tennis');
INSERT INTO exchange_skill VALUES(152,'Description here','default_image.jpg',1,'Thru-hiking');
INSERT INTO exchange_skill VALUES(153,'Description here','default_image.jpg',1,'Topiary');
INSERT INTO exchange_skill VALUES(154,'Description here','default_image.jpg',1,'Tourism');
INSERT INTO exchange_skill VALUES(155,'Description here','default_image.jpg',1,'Trade fair visiting');
INSERT INTO exchange_skill VALUES(156,'Description here','default_image.jpg',1,'Travel');
INSERT INTO exchange_skill VALUES(157,'Description here','default_image.jpg',1,'Unicycling');
INSERT INTO exchange_skill VALUES(158,'Description here','default_image.jpg',1,'Urban exploration');
INSERT INTO exchange_skill VALUES(159,'Description here','default_image.jpg',1,'Vacation');
INSERT INTO exchange_skill VALUES(160,'Description here','default_image.jpg',1,'Vegetable farming');
INSERT INTO exchange_skill VALUES(161,'Description here','default_image.jpg',1,'Vehicle restoration');
INSERT INTO exchange_skill VALUES(162,'Description here','default_image.jpg',1,'Videography');
INSERT INTO exchange_skill VALUES(163,'Description here','default_image.jpg',1,'Volleyball');
INSERT INTO exchange_skill VALUES(164,'Description here','default_image.jpg',1,'Volunteering');
INSERT INTO exchange_skill VALUES(165,'Description here','default_image.jpg',1,'Walking');
INSERT INTO exchange_skill VALUES(166,'Description here','default_image.jpg',1,'Water sports');
INSERT INTO exchange_skill VALUES(167,'Description here','default_image.jpg',1,'Zoo visiting');
INSERT INTO exchange_skill VALUES(168,'Description here','default_image.jpg',2,'Archaeology');
INSERT INTO exchange_skill VALUES(169,'Description here','default_image.jpg',2,'Architecture');
INSERT INTO exchange_skill VALUES(170,'Description here','default_image.jpg',2,'Astronomy');
INSERT INTO exchange_skill VALUES(171,'Description here','default_image.jpg',2,'Animation');
INSERT INTO exchange_skill VALUES(172,'Description here','default_image.jpg',2,'Aerospace');
INSERT INTO exchange_skill VALUES(173,'Description here','default_image.jpg',2,'Biology');
INSERT INTO exchange_skill VALUES(174,'Description here','default_image.jpg',2,'Botany');
INSERT INTO exchange_skill VALUES(175,'Description here','default_image.jpg',2,'Business');
INSERT INTO exchange_skill VALUES(176,'Description here','default_image.jpg',2,'Chemistry');
INSERT INTO exchange_skill VALUES(177,'Description here','default_image.jpg',2,'Entrepreneurship');
INSERT INTO exchange_skill VALUES(178,'Description here','default_image.jpg',2,'Finance');
INSERT INTO exchange_skill VALUES(179,'Description here','default_image.jpg',2,'Geography');
INSERT INTO exchange_skill VALUES(180,'Description here','default_image.jpg',2,'History');
INSERT INTO exchange_skill VALUES(181,'Description here','default_image.jpg',2,'Linguistics');
INSERT INTO exchange_skill VALUES(182,'Description here','default_image.jpg',2,'Literature');
INSERT INTO exchange_skill VALUES(183,'Description here','default_image.jpg',2,'Mathematics');
INSERT INTO exchange_skill VALUES(184,'Description here','default_image.jpg',2,'Medical science');
INSERT INTO exchange_skill VALUES(185,'Description here','default_image.jpg',2,'Microbiology');
INSERT INTO exchange_skill VALUES(186,'Description here','default_image.jpg',2,'Mycology');
INSERT INTO exchange_skill VALUES(187,'Description here','default_image.jpg',2,'Myrmecology');
INSERT INTO exchange_skill VALUES(188,'Description here','default_image.jpg',2,'Neuroscience');
INSERT INTO exchange_skill VALUES(189,'Description here','default_image.jpg',2,'Philosophy');
INSERT INTO exchange_skill VALUES(190,'Description here','default_image.jpg',2,'Physics');
INSERT INTO exchange_skill VALUES(191,'Description here','default_image.jpg',2,'Psychology');
INSERT INTO exchange_skill VALUES(192,'Description here','default_image.jpg',2,'Railway studies');
INSERT INTO exchange_skill VALUES(193,'Description here','default_image.jpg',2,'Religious studies');
INSERT INTO exchange_skill VALUES(194,'Description here','default_image.jpg',2,'Research');
INSERT INTO exchange_skill VALUES(195,'Description here','default_image.jpg',2,'Science and technology studies');
INSERT INTO exchange_skill VALUES(196,'Description here','default_image.jpg',2,'Social studies');
INSERT INTO exchange_skill VALUES(197,'Description here','default_image.jpg',2,'Sociology');
INSERT INTO exchange_skill VALUES(198,'Description here','default_image.jpg',2,'Sports science');
INSERT INTO exchange_skill VALUES(199,'Description here','default_image.jpg',2,'Story writing');
INSERT INTO exchange_skill VALUES(200,'Description here','default_image.jpg',2,'Life science');
INSERT INTO exchange_skill VALUES(201,'Description here','default_image.jpg',2,'Teaching');
INSERT INTO exchange_skill VALUES(202,'Description here','default_image.jpg',2,'Web design');
INSERT INTO exchange_skill VALUES(203,'Description here','default_image.jpg',2,'engineering');
INSERT INTO exchange_skill VALUES(204,'Description here','default_image.jpg',2,'jurisprudential');
INSERT INTO exchange_skill VALUES(205,'Description here','default_image.jpg',2,'publishing');
INSERT INTO exchange_skill VALUES(206,'Description here','default_image.jpg',2,'Wikipedia editing');
INSERT INTO exchange_skill VALUES(207,'Description here','default_image.jpg',3,'Action figure');
INSERT INTO exchange_skill VALUES(208,'Description here','default_image.jpg',3,'Antiquing');
INSERT INTO exchange_skill VALUES(209,'Description here','default_image.jpg',3,'Ant-keeping');
INSERT INTO exchange_skill VALUES(210,'Description here','default_image.jpg',3,'Art collecting');
INSERT INTO exchange_skill VALUES(211,'Description here','default_image.jpg',3,'Book collecting');
INSERT INTO exchange_skill VALUES(212,'Description here','default_image.jpg',3,'Button collecting');
INSERT INTO exchange_skill VALUES(213,'Description here','default_image.jpg',3,'Cartophily (card collecting)');
INSERT INTO exchange_skill VALUES(214,'Description here','default_image.jpg',3,'Coin collecting');
INSERT INTO exchange_skill VALUES(215,'Description here','default_image.jpg',3,'Comic book collecting');
INSERT INTO exchange_skill VALUES(216,'Description here','default_image.jpg',3,'Compact discs');
INSERT INTO exchange_skill VALUES(217,'Description here','default_image.jpg',3,'Crystals');
INSERT INTO exchange_skill VALUES(218,'Description here','default_image.jpg',3,'Deltiology (postcard collecting)');
INSERT INTO exchange_skill VALUES(219,'Description here','default_image.jpg',3,'Die-cast toy');
INSERT INTO exchange_skill VALUES(220,'Description here','default_image.jpg',3,'Digital hoarding');
INSERT INTO exchange_skill VALUES(221,'Description here','default_image.jpg',3,'Dolls');
INSERT INTO exchange_skill VALUES(222,'Description here','default_image.jpg',3,'Element collecting');
INSERT INTO exchange_skill VALUES(223,'Description here','default_image.jpg',3,'Ephemera collecting');
INSERT INTO exchange_skill VALUES(224,'Description here','default_image.jpg',3,'Films');
INSERT INTO exchange_skill VALUES(225,'Description here','default_image.jpg',3,'Fingerprint collecting');
INSERT INTO exchange_skill VALUES(226,'Description here','default_image.jpg',3,'Fusilately (phonecard collecting)');
INSERT INTO exchange_skill VALUES(227,'Description here','default_image.jpg',3,'Knife collecting');
INSERT INTO exchange_skill VALUES(228,'Description here','default_image.jpg',3,'Lapel pins');
INSERT INTO exchange_skill VALUES(229,'Description here','default_image.jpg',3,'Lotology (lottery ticket collecting)');
INSERT INTO exchange_skill VALUES(230,'Description here','default_image.jpg',3,'Movie memorabilia collecting');
INSERT INTO exchange_skill VALUES(231,'Description here','default_image.jpg',3,'Notaphily (banknote collecting)');
INSERT INTO exchange_skill VALUES(232,'Description here','default_image.jpg',3,'Perfume');
INSERT INTO exchange_skill VALUES(233,'Description here','default_image.jpg',3,'Philately');
INSERT INTO exchange_skill VALUES(234,'Description here','default_image.jpg',3,'Phillumeny');
INSERT INTO exchange_skill VALUES(235,'Description here','default_image.jpg',3,'Radio-controlled model collecting');
INSERT INTO exchange_skill VALUES(236,'Description here','default_image.jpg',3,'Rail transport modelling');
INSERT INTO exchange_skill VALUES(237,'Description here','default_image.jpg',3,'Record collecting');
INSERT INTO exchange_skill VALUES(238,'Description here','default_image.jpg',3,'Rock tumbling');
INSERT INTO exchange_skill VALUES(239,'Description here','default_image.jpg',3,'Scutelliphily');
INSERT INTO exchange_skill VALUES(240,'Description here','default_image.jpg',3,'Shoes');
INSERT INTO exchange_skill VALUES(241,'Description here','default_image.jpg',3,'Slot car');
INSERT INTO exchange_skill VALUES(242,'Description here','default_image.jpg',3,'Sports memorabilia');
INSERT INTO exchange_skill VALUES(243,'Description here','default_image.jpg',3,'Stamp collecting');
INSERT INTO exchange_skill VALUES(244,'Description here','default_image.jpg',3,'Stuffed toy collecting');
INSERT INTO exchange_skill VALUES(245,'Description here','default_image.jpg',3,'Tea bag collecting');
INSERT INTO exchange_skill VALUES(246,'Description here','default_image.jpg',3,'Ticket collecting');
INSERT INTO exchange_skill VALUES(247,'Description here','default_image.jpg',3,'Transit map collecting');
INSERT INTO exchange_skill VALUES(248,'Description here','default_image.jpg',3,'Video game collecting');
INSERT INTO exchange_skill VALUES(249,'Description here','default_image.jpg',3,'Vintage cars');
INSERT INTO exchange_skill VALUES(250,'Description here','default_image.jpg',3,'Vintage clothing');
INSERT INTO exchange_skill VALUES(251,'Description here','default_image.jpg',3,'Vinyl records');
INSERT INTO exchange_skill VALUES(252,'Description here','default_image.jpg',4,'Antiquities');
INSERT INTO exchange_skill VALUES(253,'Description here','default_image.jpg',4,'Auto audiophilia');
INSERT INTO exchange_skill VALUES(254,'Description here','default_image.jpg',4,'Flower collecting and pressing');
INSERT INTO exchange_skill VALUES(255,'Description here','default_image.jpg',4,'Fossil hunting');
INSERT INTO exchange_skill VALUES(256,'Description here','default_image.jpg',4,'Insect collecting');
INSERT INTO exchange_skill VALUES(257,'Description here','default_image.jpg',4,'Leaves');
INSERT INTO exchange_skill VALUES(258,'Description here','default_image.jpg',4,'Magnet fishing');
INSERT INTO exchange_skill VALUES(259,'Description here','default_image.jpg',4,'Metal detecting');
INSERT INTO exchange_skill VALUES(260,'Description here','default_image.jpg',4,'Mineral collecting');
INSERT INTO exchange_skill VALUES(261,'Description here','default_image.jpg',4,'Rock balancing');
INSERT INTO exchange_skill VALUES(262,'Description here','default_image.jpg',4,'Sea glass collecting');
INSERT INTO exchange_skill VALUES(263,'Description here','default_image.jpg',4,'Seashell collecting');
INSERT INTO exchange_skill VALUES(264,'Description here','default_image.jpg',4,'Stone collecting');
INSERT INTO exchange_skill VALUES(265,'Description here','default_image.jpg',5,'Air hockey');
INSERT INTO exchange_skill VALUES(266,'Description here','default_image.jpg',5,'Animal fancy');
INSERT INTO exchange_skill VALUES(267,'Description here','default_image.jpg',5,'Axe throwing');
INSERT INTO exchange_skill VALUES(268,'Description here','default_image.jpg',5,'Backgammon');
INSERT INTO exchange_skill VALUES(269,'Description here','default_image.jpg',5,'Badminton');
INSERT INTO exchange_skill VALUES(270,'Description here','default_image.jpg',5,'Baking');
INSERT INTO exchange_skill VALUES(271,'Description here','default_image.jpg',5,'Ballet dancing');
INSERT INTO exchange_skill VALUES(272,'Description here','default_image.jpg',5,'Ballroom dancing');
INSERT INTO exchange_skill VALUES(273,'Description here','default_image.jpg',5,'Baton twirling');
INSERT INTO exchange_skill VALUES(274,'Description here','default_image.jpg',5,'Beauty pageants');
INSERT INTO exchange_skill VALUES(275,'Description here','default_image.jpg',5,'Billiards');
INSERT INTO exchange_skill VALUES(276,'Description here','default_image.jpg',5,'Book folding');
INSERT INTO exchange_skill VALUES(277,'Description here','default_image.jpg',5,'Bowling');
INSERT INTO exchange_skill VALUES(278,replace(replace('Boxing Lessons\r\nCertified instructor offering private & group classes. Improve technique, fitness & confidence. Trade your skills for mine on this platform.','\r',char(13)),'\n',char(10)),'skill_images/boxing.jpg',5,'Boxing');
INSERT INTO exchange_skill VALUES(279,'Description here','default_image.jpg',5,'Bridge');
INSERT INTO exchange_skill VALUES(280,'Description here','default_image.jpg',5,'Cooking');
INSERT INTO exchange_skill VALUES(281,'Description here','default_image.jpg',5,'Checkers (draughts)');
INSERT INTO exchange_skill VALUES(282,'Description here','default_image.jpg',5,'Cheerleading');
INSERT INTO exchange_skill VALUES(283,'Enjoy the strategic art of chess with personalized lessons tailored to your skill level! Whether you''re a beginner learning the basics or an intermediate player aiming to sharpen your tactics, I''ve been playing chess for +10 years.','skill_images/chess.jpg',5,'Chess');
INSERT INTO exchange_skill VALUES(284,'Description here','default_image.jpg',5,'Color guard');
INSERT INTO exchange_skill VALUES(285,'Description here','default_image.jpg',5,'Cribbage');
INSERT INTO exchange_skill VALUES(286,'Description here','default_image.jpg',5,'Curling');
INSERT INTO exchange_skill VALUES(287,'Description here','default_image.jpg',5,'Dancing');
INSERT INTO exchange_skill VALUES(288,'Description here','default_image.jpg',5,'Darts');
INSERT INTO exchange_skill VALUES(289,'Description here','default_image.jpg',5,'Debate');
INSERT INTO exchange_skill VALUES(290,'Description here','default_image.jpg',5,'Dominoes');
INSERT INTO exchange_skill VALUES(291,'Description here','default_image.jpg',5,'Eating');
INSERT INTO exchange_skill VALUES(292,'Description here','default_image.jpg',5,'Esports');
INSERT INTO exchange_skill VALUES(293,'Description here','default_image.jpg',5,'Fencing');
INSERT INTO exchange_skill VALUES(294,'Description here','default_image.jpg',5,'Figure Skating');
INSERT INTO exchange_skill VALUES(295,'Description here','default_image.jpg',5,'Go');
INSERT INTO exchange_skill VALUES(296,'Description here','default_image.jpg',5,'Gymnastics');
INSERT INTO exchange_skill VALUES(297,'Description here','default_image.jpg',5,'Ice hockey');
INSERT INTO exchange_skill VALUES(298,'Description here','default_image.jpg',5,'Ice skating');
INSERT INTO exchange_skill VALUES(299,'Description here','default_image.jpg',5,'Judo');
INSERT INTO exchange_skill VALUES(300,'Description here','default_image.jpg',5,'Jujitsu');
INSERT INTO exchange_skill VALUES(301,'Description here','default_image.jpg',5,'Kabaddi');
INSERT INTO exchange_skill VALUES(302,'Description here','default_image.jpg',5,'Knowledge/word games');
INSERT INTO exchange_skill VALUES(303,'Description here','default_image.jpg',5,'Laser tag');
INSERT INTO exchange_skill VALUES(304,'Description here','default_image.jpg',5,'Magic');
INSERT INTO exchange_skill VALUES(305,'Description here','default_image.jpg',5,'Mahjong');
INSERT INTO exchange_skill VALUES(306,'Description here','default_image.jpg',5,'Marbles');
INSERT INTO exchange_skill VALUES(307,'Description here','default_image.jpg',5,'Martial arts');
INSERT INTO exchange_skill VALUES(308,'Description here','default_image.jpg',5,'Model racing');
INSERT INTO exchange_skill VALUES(309,'Description here','default_image.jpg',5,'Model United Nations');
INSERT INTO exchange_skill VALUES(310,'Description here','default_image.jpg',5,'Pinball');
INSERT INTO exchange_skill VALUES(311,'Description here','default_image.jpg',5,'Poker');
INSERT INTO exchange_skill VALUES(312,'Description here','default_image.jpg',5,'Pole dancing');
INSERT INTO exchange_skill VALUES(313,'Description here','default_image.jpg',5,'Pool');
INSERT INTO exchange_skill VALUES(314,'Description here','default_image.jpg',5,'Radio-controlled model playing');
INSERT INTO exchange_skill VALUES(315,'Description here','default_image.jpg',5,'Role-playing games');
INSERT INTO exchange_skill VALUES(316,'Description here','default_image.jpg',5,'Rughooking');
INSERT INTO exchange_skill VALUES(317,'Description here','default_image.jpg',5,'Shogi');
INSERT INTO exchange_skill VALUES(318,'Description here','default_image.jpg',5,'Slot car racing');
INSERT INTO exchange_skill VALUES(319,'Description here','default_image.jpg',5,'Speedcubing');
INSERT INTO exchange_skill VALUES(320,'Description here','default_image.jpg',5,'Sport stacking');
INSERT INTO exchange_skill VALUES(321,'Description here','default_image.jpg',5,'Table football');
INSERT INTO exchange_skill VALUES(322,'Description here','default_image.jpg',5,'Table tennis');
INSERT INTO exchange_skill VALUES(323,'Description here','default_image.jpg',5,'Volleyball');
INSERT INTO exchange_skill VALUES(324,'Description here','default_image.jpg',5,'Video gaming');
INSERT INTO exchange_skill VALUES(325,'Description here','default_image.jpg',5,'VR gaming');
INSERT INTO exchange_skill VALUES(326,'Description here','default_image.jpg',5,'Weightlifting');
INSERT INTO exchange_skill VALUES(327,'Description here','default_image.jpg',5,'Wrestling');
INSERT INTO exchange_skill VALUES(328,'Description here','default_image.jpg',6,'Airsoft');
INSERT INTO exchange_skill VALUES(329,'Description here','default_image.jpg',6,'Archery');
INSERT INTO exchange_skill VALUES(330,'Description here','default_image.jpg',6,'Association football');
INSERT INTO exchange_skill VALUES(331,'Description here','default_image.jpg',6,'Australian rules football');
INSERT INTO exchange_skill VALUES(332,'Description here','default_image.jpg',6,'Auto racing');
INSERT INTO exchange_skill VALUES(333,'Description here','default_image.jpg',6,'Baseball');
INSERT INTO exchange_skill VALUES(334,'Description here','default_image.jpg',6,'Beach volleyball');
INSERT INTO exchange_skill VALUES(335,'Description here','default_image.jpg',6,'Breakdancing');
INSERT INTO exchange_skill VALUES(336,'Description here','default_image.jpg',6,'capoeira');
INSERT INTO exchange_skill VALUES(337,'Description here','default_image.jpg',6,'Climbing');
INSERT INTO exchange_skill VALUES(338,'Description here','default_image.jpg',6,'Cornhole');
INSERT INTO exchange_skill VALUES(339,'Description here','default_image.jpg',6,'Cricket');
INSERT INTO exchange_skill VALUES(340,'Description here','default_image.jpg',6,'Croquet');
INSERT INTO exchange_skill VALUES(341,'Description here','default_image.jpg',6,'Cycling');
INSERT INTO exchange_skill VALUES(342,'Description here','default_image.jpg',6,'Disc golf');
INSERT INTO exchange_skill VALUES(343,'Description here','default_image.jpg',6,'Dog sport');
INSERT INTO exchange_skill VALUES(344,'Description here','default_image.jpg',6,'Equestrianism');
INSERT INTO exchange_skill VALUES(345,'Description here','default_image.jpg',6,'Exhibition drill');
INSERT INTO exchange_skill VALUES(346,'Description here','default_image.jpg',6,'Field hockey');
INSERT INTO exchange_skill VALUES(347,'Description here','default_image.jpg',6,'Figure skating');
INSERT INTO exchange_skill VALUES(348,'Description here','default_image.jpg',6,'Fishing');
INSERT INTO exchange_skill VALUES(349,'Description here','default_image.jpg',6,'Fitness');
INSERT INTO exchange_skill VALUES(350,'Description here','default_image.jpg',6,'Footbag');
INSERT INTO exchange_skill VALUES(351,'Description here','default_image.jpg',6,'Frisbee');
INSERT INTO exchange_skill VALUES(352,'Description here','default_image.jpg',6,'Rugby league football');
INSERT INTO exchange_skill VALUES(353,'Description here','default_image.jpg',6,'Sculling or rowing');
INSERT INTO exchange_skill VALUES(354,'Description here','default_image.jpg',6,'Shooting sports');
INSERT INTO exchange_skill VALUES(355,'Description here','default_image.jpg',6,'Skateboarding');
INSERT INTO exchange_skill VALUES(356,'Description here','default_image.jpg',6,'Skiing');
INSERT INTO exchange_skill VALUES(357,'Description here','default_image.jpg',6,'Sled dog racing');
INSERT INTO exchange_skill VALUES(358,'Description here','default_image.jpg',6,'Softball');
INSERT INTO exchange_skill VALUES(359,'Description here','default_image.jpg',6,'Speed skating');
INSERT INTO exchange_skill VALUES(360,'Description here','default_image.jpg',6,'Squash');
INSERT INTO exchange_skill VALUES(361,'Description here','default_image.jpg',6,'Surfing');
INSERT INTO exchange_skill VALUES(362,'Description here','default_image.jpg',6,'Swimming');
INSERT INTO exchange_skill VALUES(363,'Description here','default_image.jpg',6,'Table tennis');
INSERT INTO exchange_skill VALUES(364,'Description here','default_image.jpg',6,'Tennis');
INSERT INTO exchange_skill VALUES(365,'Description here','default_image.jpg',6,'Tennis polo');
INSERT INTO exchange_skill VALUES(366,'Description here','default_image.jpg',6,'Tether car');
INSERT INTO exchange_skill VALUES(367,'Description here','default_image.jpg',6,'Tour skating');
INSERT INTO exchange_skill VALUES(368,'Description here','default_image.jpg',6,'Tourism');
INSERT INTO exchange_skill VALUES(369,'Description here','default_image.jpg',6,'Trapshooting');
INSERT INTO exchange_skill VALUES(370,'Description here','default_image.jpg',6,'Triathlon');
INSERT INTO exchange_skill VALUES(371,'Description here','default_image.jpg',6,'Ultimate frisbee');
INSERT INTO exchange_skill VALUES(372,'Description here','default_image.jpg',6,'Volleyball');
INSERT INTO exchange_skill VALUES(373,'Description here','default_image.jpg',6,'Water polo');
INSERT INTO exchange_skill VALUES(374,'Description here','default_image.jpg',6,'Golfing');
INSERT INTO exchange_skill VALUES(375,'Description here','default_image.jpg',6,'Handball');
INSERT INTO exchange_skill VALUES(376,'Description here','default_image.jpg',6,'Horseback riding');
INSERT INTO exchange_skill VALUES(377,'Description here','default_image.jpg',6,'Horsemanship');
INSERT INTO exchange_skill VALUES(378,'Description here','default_image.jpg',6,'Horseshoes');
INSERT INTO exchange_skill VALUES(379,'Description here','default_image.jpg',6,'Iceboat racing');
INSERT INTO exchange_skill VALUES(380,'Description here','default_image.jpg',6,'Jukskei');
INSERT INTO exchange_skill VALUES(381,'Description here','default_image.jpg',6,'Kart racing');
INSERT INTO exchange_skill VALUES(382,'Description here','default_image.jpg',6,'Knife throwing');
INSERT INTO exchange_skill VALUES(383,'Description here','default_image.jpg',6,'Lacrosse');
INSERT INTO exchange_skill VALUES(384,'Description here','default_image.jpg',6,'Longboarding');
INSERT INTO exchange_skill VALUES(385,'Description here','default_image.jpg',6,'Long-distance running');
INSERT INTO exchange_skill VALUES(386,'Description here','default_image.jpg',6,'Marching band');
INSERT INTO exchange_skill VALUES(387,'Description here','default_image.jpg',6,'Mini Golf');
INSERT INTO exchange_skill VALUES(388,'Description here','default_image.jpg',6,'Model aircraft');
INSERT INTO exchange_skill VALUES(389,'Description here','default_image.jpg',6,'Orienteering');
INSERT INTO exchange_skill VALUES(390,'Description here','default_image.jpg',6,'Pickleball');
INSERT INTO exchange_skill VALUES(391,'Description here','default_image.jpg',6,'Powerboat racing');
INSERT INTO exchange_skill VALUES(392,'Description here','default_image.jpg',6,'Quidditch');
INSERT INTO exchange_skill VALUES(393,'Description here','default_image.jpg',6,'Race walking');
INSERT INTO exchange_skill VALUES(394,'Description here','default_image.jpg',6,'Racquetball');
INSERT INTO exchange_skill VALUES(395,'Description here','default_image.jpg',6,'Radio-controlled car racing');
INSERT INTO exchange_skill VALUES(396,'Description here','default_image.jpg',6,'Radio-controlled model playing');
INSERT INTO exchange_skill VALUES(397,'Description here','default_image.jpg',6,'Roller derby');
INSERT INTO exchange_skill VALUES(398,'Description here','default_image.jpg',7,'Audiophile');
INSERT INTO exchange_skill VALUES(399,'Description here','default_image.jpg',7,'Ant farming');
INSERT INTO exchange_skill VALUES(400,'Description here','default_image.jpg',7,'Fishkeeping');
INSERT INTO exchange_skill VALUES(401,'Description here','default_image.jpg',7,'Learning');
INSERT INTO exchange_skill VALUES(402,'Discover the power of mindfulness and inner peace with an exchange meditation guidance!','skill_images/meditation.jpg',8,'Meditation');
INSERT INTO exchange_skill VALUES(403,'Description here','default_image.jpg',7,'Microscopy');
INSERT INTO exchange_skill VALUES(404,'Description here','default_image.jpg',7,'Reading');
INSERT INTO exchange_skill VALUES(405,'Description here','default_image.jpg',7,'Research');
INSERT INTO exchange_skill VALUES(406,'Description here','default_image.jpg',7,'Shortwave listening');
INSERT INTO exchange_skill VALUES(407,'Description here','default_image.jpg',8,'Aircraft spotting');
INSERT INTO exchange_skill VALUES(408,'Description here','default_image.jpg',8,'Amateur astronomy');
INSERT INTO exchange_skill VALUES(409,'Description here','default_image.jpg',8,'Beekeeping');
INSERT INTO exchange_skill VALUES(410,'Description here','default_image.jpg',8,'Benchmarking');
INSERT INTO exchange_skill VALUES(411,'Description here','default_image.jpg',8,'Birdwatching');
INSERT INTO exchange_skill VALUES(412,'Description here','default_image.jpg',8,'Bus spotting');
INSERT INTO exchange_skill VALUES(413,'Description here','default_image.jpg',8,'People-watching');
INSERT INTO exchange_skill VALUES(414,'Description here','default_image.jpg',8,'Photography');
INSERT INTO exchange_skill VALUES(415,'Description here','default_image.jpg',8,'Satellite watching');
INSERT INTO exchange_skill VALUES(416,'Description here','default_image.jpg',8,'Trainspotting');
INSERT INTO exchange_skill VALUES(417,'Description here','default_image.jpg',8,'Whale watching');
INSERT INTO exchange_skill VALUES(418,'Description here','default_image.jpg',8,'Butterfly watching');
INSERT INTO exchange_skill VALUES(419,'Description here','default_image.jpg',8,'Geocaching');
INSERT INTO exchange_skill VALUES(420,'Description here','default_image.jpg',8,'Gongoozling');
INSERT INTO exchange_skill VALUES(421,'Description here','default_image.jpg',8,'Herping');
INSERT INTO exchange_skill VALUES(422,'Description here','default_image.jpg',8,'Hiking/backpacking');
INSERT INTO exchange_skill VALUES(423,'Description here','default_image.jpg',8,'Meteorology');
INSERT INTO exchange_skill VALUES(428,'Soar high and free! I offer a personalized exchange of my paraglading skill. Learn to master the art of paragliding and push your limits in a safe  environment.','skill_images/parachue_BlbvWQ6.jpg',1,'Paracaidismo');
INSERT INTO exchange_skill VALUES(431,'Unlock your body’s full potential with personalized calisthenics training! This skill exchange offers guidance on mastering bodyweight exercises that improve strength, flexibility, and endurance for all levels!','skill_images/handstand_owuelXy.jpg',1,'Calisthenics');
CREATE TABLE IF NOT EXISTS "exchange_userprofile" ("id" integer NOT NULL PRIMARY KEY AUTOINCREMENT, "location" varchar(255) NULL, "user_id" integer NOT NULL UNIQUE REFERENCES "auth_user" ("id") DEFERRABLE INITIALLY DEFERRED, "about_me" text NULL, "facebook" varchar(200) NULL, "instagram" varchar(200) NULL, "linkedin" varchar(200) NULL, "cover_page" varchar(100) NOT NULL, "profile_picture" varchar(100) NOT NULL);
INSERT INTO exchange_userprofile VALUES(1,NULL,3,NULL,NULL,NULL,NULL,'assets/default_images/default-cover.png','');
INSERT INTO exchange_userprofile VALUES(3,NULL,5,NULL,NULL,NULL,NULL,'assets/default_images/default-cover.png','');
INSERT INTO exchange_userprofile VALUES(4,'Toronto, ON',6,'Im just a chill guy, GOAT of MMA!',NULL,NULL,NULL,'cover_pages/camping_nIGCKyo.jpg','profile_pics/boxing_vcdxz4O.jpg');
INSERT INTO exchange_userprofile VALUES(5,NULL,7,NULL,NULL,NULL,NULL,'assets/default_images/default-cover.png','assets/default_images/default-profile.png');
INSERT INTO exchange_userprofile VALUES(6,NULL,8,NULL,NULL,NULL,NULL,'assets/default_images/default-cover.png','assets/default_images/default-profile.png');
INSERT INTO exchange_userprofile VALUES(7,'Toronto, ON',9,'I''m just a chill guy!',NULL,NULL,NULL,'assets/default_images/default-cover.png','profile_pics/handstand.jpg');
INSERT INTO exchange_userprofile VALUES(8,NULL,10,NULL,NULL,NULL,NULL,'assets/default_images/default-cover.png','assets/default_images/default-profile.png');
INSERT INTO exchange_userprofile VALUES(9,NULL,11,NULL,NULL,NULL,NULL,'assets/default_images/default-cover.png','assets/default_images/default-profile.png');
INSERT INTO exchange_userprofile VALUES(10,NULL,12,'',NULL,NULL,NULL,'assets/default_images/default-cover.png','assets/default_images/default-profile.png');
INSERT INTO exchange_userprofile VALUES(11,NULL,13,NULL,NULL,NULL,NULL,'assets/default_images/default-cover.png','assets/default_images/default-profile.png');
CREATE TABLE IF NOT EXISTS "exchange_skillprovider" ("id" integer NOT NULL PRIMARY KEY AUTOINCREMENT, "user_id" integer NOT NULL REFERENCES "auth_user" ("id") DEFERRABLE INITIALLY DEFERRED);
INSERT INTO exchange_skillprovider VALUES(1,3);
INSERT INTO exchange_skillprovider VALUES(2,5);
INSERT INTO exchange_skillprovider VALUES(3,6);
INSERT INTO exchange_skillprovider VALUES(4,7);
CREATE TABLE IF NOT EXISTS "exchange_skillexchange" ("id" integer NOT NULL PRIMARY KEY AUTOINCREMENT, "status" varchar(50) NOT NULL, "created_at" datetime NOT NULL, "requester_id" integer NOT NULL REFERENCES "auth_user" ("id") DEFERRABLE INITIALLY DEFERRED, "skill_id" bigint NOT NULL REFERENCES "exchange_skill" ("id") DEFERRABLE INITIALLY DEFERRED);
INSERT INTO exchange_skillexchange VALUES(1,'Pending','2025-01-20 18:20:51.630608',7,278);
CREATE TABLE IF NOT EXISTS "exchange_skillexchange_providers" ("id" integer NOT NULL PRIMARY KEY AUTOINCREMENT, "skillexchange_id" bigint NOT NULL REFERENCES "exchange_skillexchange" ("id") DEFERRABLE INITIALLY DEFERRED, "skillprovider_id" bigint NOT NULL REFERENCES "exchange_skillprovider" ("id") DEFERRABLE INITIALLY DEFERRED);
INSERT INTO exchange_skillexchange_providers VALUES(1,1,3);
CREATE TABLE IF NOT EXISTS "exchange_userpreference" ("id" integer NOT NULL PRIMARY KEY AUTOINCREMENT, "preferred_language" varchar(50) NOT NULL, "skill_level" varchar(50) NOT NULL, "user_id" integer NOT NULL UNIQUE REFERENCES "auth_user" ("id") DEFERRABLE INITIALLY DEFERRED, "learning_goals" text NOT NULL);
INSERT INTO exchange_userpreference VALUES(1,'es','beginner',12,'improve on daily communication');
INSERT INTO exchange_userpreference VALUES(2,'es','beginner',3,'improve on daily communication');
INSERT INTO exchange_userpreference VALUES(3,'en','advanced',13,'improve for my test');
CREATE TABLE IF NOT EXISTS "exchange_userpreferencedashboard" ("id" integer NOT NULL PRIMARY KEY AUTOINCREMENT, "skill_type" varchar(255) NOT NULL, "frequency" varchar(255) NOT NULL, "personality" varchar(255) NOT NULL, "user_id" integer NOT NULL UNIQUE REFERENCES "auth_user" ("id") DEFERRABLE INITIALLY DEFERRED);
INSERT INTO exchange_userpreferencedashboard VALUES(1,'outdoors_sports','daily','introvert',12);
INSERT INTO exchange_userpreferencedashboard VALUES(2,'outdoors_sports','daily','introvert',3);
DELETE FROM sqlite_sequence;
INSERT INTO sqlite_sequence VALUES('django_migrations',37);
INSERT INTO sqlite_sequence VALUES('django_admin_log',8);
INSERT INTO sqlite_sequence VALUES('django_content_type',13);
INSERT INTO sqlite_sequence VALUES('auth_permission',52);
INSERT INTO sqlite_sequence VALUES('auth_group',0);
INSERT INTO sqlite_sequence VALUES('auth_user',13);
INSERT INTO sqlite_sequence VALUES('exchange_skillcategory',8);
INSERT INTO sqlite_sequence VALUES('exchange_skill',431);
INSERT INTO sqlite_sequence VALUES('exchange_skill_providers',18);
INSERT INTO sqlite_sequence VALUES('exchange_userprofile_skills_offered',2);
INSERT INTO sqlite_sequence VALUES('exchange_userprofile_skills_needed',2);
INSERT INTO sqlite_sequence VALUES('exchange_userprofile',11);
INSERT INTO sqlite_sequence VALUES('exchange_skillprovider',4);
INSERT INTO sqlite_sequence VALUES('exchange_skillexchange',1);
INSERT INTO sqlite_sequence VALUES('exchange_skillexchange_providers',1);
INSERT INTO sqlite_sequence VALUES('exchange_userpreference',3);
INSERT INTO sqlite_sequence VALUES('exchange_userpreferencedashboard',2);
CREATE UNIQUE INDEX "auth_group_permissions_group_id_permission_id_0cd325b0_uniq" ON "auth_group_permissions" ("group_id", "permission_id");
CREATE INDEX "auth_group_permissions_group_id_b120cbf9" ON "auth_group_permissions" ("group_id");
CREATE INDEX "auth_group_permissions_permission_id_84c5c92e" ON "auth_group_permissions" ("permission_id");
CREATE UNIQUE INDEX "auth_user_groups_user_id_group_id_94350c0c_uniq" ON "auth_user_groups" ("user_id", "group_id");
CREATE INDEX "auth_user_groups_user_id_6a12ed8b" ON "auth_user_groups" ("user_id");
CREATE INDEX "auth_user_groups_group_id_97559544" ON "auth_user_groups" ("group_id");
CREATE UNIQUE INDEX "auth_user_user_permissions_user_id_permission_id_14a6b632_uniq" ON "auth_user_user_permissions" ("user_id", "permission_id");
CREATE INDEX "auth_user_user_permissions_user_id_a95ead1b" ON "auth_user_user_permissions" ("user_id");
CREATE INDEX "auth_user_user_permissions_permission_id_1fbb5f2c" ON "auth_user_user_permissions" ("permission_id");
CREATE INDEX "django_admin_log_content_type_id_c4bce8eb" ON "django_admin_log" ("content_type_id");
CREATE INDEX "django_admin_log_user_id_c564eba6" ON "django_admin_log" ("user_id");
CREATE UNIQUE INDEX "django_content_type_app_label_model_76bd3d3b_uniq" ON "django_content_type" ("app_label", "model");
CREATE UNIQUE INDEX "auth_permission_content_type_id_codename_01ab375a_uniq" ON "auth_permission" ("content_type_id", "codename");
CREATE INDEX "auth_permission_content_type_id_2f476e4b" ON "auth_permission" ("content_type_id");
CREATE INDEX "django_session_expire_date_a5c62663" ON "django_session" ("expire_date");
CREATE UNIQUE INDEX "exchange_userprofile_skills_needed_userprofile_id_skill_id_9fb803c4_uniq" ON "exchange_userprofile_skills_needed" ("userprofile_id", "skill_id");
CREATE INDEX "exchange_userprofile_skills_needed_userprofile_id_8a28a2e6" ON "exchange_userprofile_skills_needed" ("userprofile_id");
CREATE INDEX "exchange_userprofile_skills_needed_skill_id_b5d096f9" ON "exchange_userprofile_skills_needed" ("skill_id");
CREATE UNIQUE INDEX "exchange_userprofile_skills_offered_userprofile_id_skill_id_bf2eb56f_uniq" ON "exchange_userprofile_skills_offered" ("userprofile_id", "skill_id");
CREATE INDEX "exchange_userprofile_skills_offered_userprofile_id_4ecb3ec6" ON "exchange_userprofile_skills_offered" ("userprofile_id");
CREATE INDEX "exchange_userprofile_skills_offered_skill_id_c0647129" ON "exchange_userprofile_skills_offered" ("skill_id");
CREATE UNIQUE INDEX "exchange_skill_providers_skill_id_skillprovider_id_5b33ebde_uniq" ON "exchange_skill_providers" ("skill_id", "skillprovider_id");
CREATE INDEX "exchange_skill_providers_skill_id_aaebcb79" ON "exchange_skill_providers" ("skill_id");
CREATE INDEX "exchange_skill_providers_skillprovider_id_343eb89d" ON "exchange_skill_providers" ("skillprovider_id");
CREATE INDEX "exchange_skill_category_id_974e22fb" ON "exchange_skill" ("category_id");
CREATE INDEX "exchange_skillprovider_user_id_206f25e0" ON "exchange_skillprovider" ("user_id");
CREATE INDEX "exchange_skillexchange_requester_id_ef9bff23" ON "exchange_skillexchange" ("requester_id");
CREATE INDEX "exchange_skillexchange_skill_id_9702446b" ON "exchange_skillexchange" ("skill_id");
CREATE UNIQUE INDEX "exchange_skillexchange_providers_skillexchange_id_skillprovider_id_b2b5827a_uniq" ON "exchange_skillexchange_providers" ("skillexchange_id", "skillprovider_id");
CREATE INDEX "exchange_skillexchange_providers_skillexchange_id_b347f7c3" ON "exchange_skillexchange_providers" ("skillexchange_id");
CREATE INDEX "exchange_skillexchange_providers_skillprovider_id_10127534" ON "exchange_skillexchange_providers" ("skillprovider_id");
COMMIT;
