[{"model": "admin.logentry", "pk": 1, "fields": {"action_time": "2025-01-03T17:49:42.050Z", "user": 5, "content_type": 4, "object_id": "1", "object_repr": "carlos", "action_flag": 3, "change_message": ""}}, {"model": "admin.logentry", "pk": 2, "fields": {"action_time": "2025-01-03T17:49:42.050Z", "user": 5, "content_type": 4, "object_id": "4", "object_repr": "carloslpz", "action_flag": 3, "change_message": ""}}, {"model": "admin.logentry", "pk": 3, "fields": {"action_time": "2025-01-03T17:49:42.050Z", "user": 5, "content_type": 4, "object_id": "2", "object_repr": "danielL", "action_flag": 3, "change_message": ""}}, {"model": "admin.logentry", "pk": 4, "fields": {"action_time": "2025-01-03T18:32:07.493Z", "user": 5, "content_type": 7, "object_id": "1", "object_repr": "Air sports", "action_flag": 3, "change_message": ""}}, {"model": "admin.logentry", "pk": 5, "fields": {"action_time": "2025-01-05T00:42:25.973Z", "user": 5, "content_type": 7, "object_id": "427", "object_repr": "nuevo skill", "action_flag": 3, "change_message": ""}}, {"model": "admin.logentry", "pk": 6, "fields": {"action_time": "2025-01-05T00:42:25.974Z", "user": 5, "content_type": 7, "object_id": "426", "object_repr": "jugar dados", "action_flag": 3, "change_message": ""}}, {"model": "admin.logentry", "pk": 7, "fields": {"action_time": "2025-01-05T00:42:25.974Z", "user": 5, "content_type": 7, "object_id": "425", "object_repr": "paracaidismo", "action_flag": 3, "change_message": ""}}, {"model": "admin.logentry", "pk": 8, "fields": {"action_time": "2025-01-05T00:42:25.974Z", "user": 5, "content_type": 7, "object_id": "424", "object_repr": "paracaidismo", "action_flag": 3, "change_message": ""}}, {"model": "auth.permission", "pk": 1, "fields": {"name": "Can add log entry", "content_type": 1, "codename": "add_logentry"}}, {"model": "auth.permission", "pk": 2, "fields": {"name": "Can change log entry", "content_type": 1, "codename": "change_logentry"}}, {"model": "auth.permission", "pk": 3, "fields": {"name": "Can delete log entry", "content_type": 1, "codename": "delete_logentry"}}, {"model": "auth.permission", "pk": 4, "fields": {"name": "Can view log entry", "content_type": 1, "codename": "view_logentry"}}, {"model": "auth.permission", "pk": 5, "fields": {"name": "Can add permission", "content_type": 2, "codename": "add_permission"}}, {"model": "auth.permission", "pk": 6, "fields": {"name": "Can change permission", "content_type": 2, "codename": "change_permission"}}, {"model": "auth.permission", "pk": 7, "fields": {"name": "Can delete permission", "content_type": 2, "codename": "delete_permission"}}, {"model": "auth.permission", "pk": 8, "fields": {"name": "Can view permission", "content_type": 2, "codename": "view_permission"}}, {"model": "auth.permission", "pk": 9, "fields": {"name": "Can add group", "content_type": 3, "codename": "add_group"}}, {"model": "auth.permission", "pk": 10, "fields": {"name": "Can change group", "content_type": 3, "codename": "change_group"}}, {"model": "auth.permission", "pk": 11, "fields": {"name": "Can delete group", "content_type": 3, "codename": "delete_group"}}, {"model": "auth.permission", "pk": 12, "fields": {"name": "Can view group", "content_type": 3, "codename": "view_group"}}, {"model": "auth.permission", "pk": 13, "fields": {"name": "Can add user", "content_type": 4, "codename": "add_user"}}, {"model": "auth.permission", "pk": 14, "fields": {"name": "Can change user", "content_type": 4, "codename": "change_user"}}, {"model": "auth.permission", "pk": 15, "fields": {"name": "Can delete user", "content_type": 4, "codename": "delete_user"}}, {"model": "auth.permission", "pk": 16, "fields": {"name": "Can view user", "content_type": 4, "codename": "view_user"}}, {"model": "auth.permission", "pk": 17, "fields": {"name": "Can add content type", "content_type": 5, "codename": "add_contenttype"}}, {"model": "auth.permission", "pk": 18, "fields": {"name": "Can change content type", "content_type": 5, "codename": "change_contenttype"}}, {"model": "auth.permission", "pk": 19, "fields": {"name": "Can delete content type", "content_type": 5, "codename": "delete_contenttype"}}, {"model": "auth.permission", "pk": 20, "fields": {"name": "Can view content type", "content_type": 5, "codename": "view_contenttype"}}, {"model": "auth.permission", "pk": 21, "fields": {"name": "Can add session", "content_type": 6, "codename": "add_session"}}, {"model": "auth.permission", "pk": 22, "fields": {"name": "Can change session", "content_type": 6, "codename": "change_session"}}, {"model": "auth.permission", "pk": 23, "fields": {"name": "Can delete session", "content_type": 6, "codename": "delete_session"}}, {"model": "auth.permission", "pk": 24, "fields": {"name": "Can view session", "content_type": 6, "codename": "view_session"}}, {"model": "auth.permission", "pk": 25, "fields": {"name": "Can add skill", "content_type": 7, "codename": "add_skill"}}, {"model": "auth.permission", "pk": 26, "fields": {"name": "Can change skill", "content_type": 7, "codename": "change_skill"}}, {"model": "auth.permission", "pk": 27, "fields": {"name": "Can delete skill", "content_type": 7, "codename": "delete_skill"}}, {"model": "auth.permission", "pk": 28, "fields": {"name": "Can view skill", "content_type": 7, "codename": "view_skill"}}, {"model": "auth.permission", "pk": 29, "fields": {"name": "Can add skill exchange", "content_type": 8, "codename": "add_skillexchange"}}, {"model": "auth.permission", "pk": 30, "fields": {"name": "Can change skill exchange", "content_type": 8, "codename": "change_skillexchange"}}, {"model": "auth.permission", "pk": 31, "fields": {"name": "Can delete skill exchange", "content_type": 8, "codename": "delete_skillexchange"}}, {"model": "auth.permission", "pk": 32, "fields": {"name": "Can view skill exchange", "content_type": 8, "codename": "view_skillexchange"}}, {"model": "auth.permission", "pk": 33, "fields": {"name": "Can add user profile", "content_type": 9, "codename": "add_userprofile"}}, {"model": "auth.permission", "pk": 34, "fields": {"name": "Can change user profile", "content_type": 9, "codename": "change_userprofile"}}, {"model": "auth.permission", "pk": 35, "fields": {"name": "Can delete user profile", "content_type": 9, "codename": "delete_userprofile"}}, {"model": "auth.permission", "pk": 36, "fields": {"name": "Can view user profile", "content_type": 9, "codename": "view_userprofile"}}, {"model": "auth.permission", "pk": 37, "fields": {"name": "Can add skill category", "content_type": 10, "codename": "add_skillcategory"}}, {"model": "auth.permission", "pk": 38, "fields": {"name": "Can change skill category", "content_type": 10, "codename": "change_skillcategory"}}, {"model": "auth.permission", "pk": 39, "fields": {"name": "Can delete skill category", "content_type": 10, "codename": "delete_skillcategory"}}, {"model": "auth.permission", "pk": 40, "fields": {"name": "Can view skill category", "content_type": 10, "codename": "view_skillcategory"}}, {"model": "auth.permission", "pk": 41, "fields": {"name": "Can add skill provider", "content_type": 11, "codename": "add_skillprovider"}}, {"model": "auth.permission", "pk": 42, "fields": {"name": "Can change skill provider", "content_type": 11, "codename": "change_skillprovider"}}, {"model": "auth.permission", "pk": 43, "fields": {"name": "Can delete skill provider", "content_type": 11, "codename": "delete_skillprovider"}}, {"model": "auth.permission", "pk": 44, "fields": {"name": "Can view skill provider", "content_type": 11, "codename": "view_skillprovider"}}, {"model": "auth.user", "pk": 3, "fields": {"password": "pbkdf2_sha256$870000$ICsjbj41NxaPLuP46wPazT$y2+J3JmQ8eRHQsLX4bZ/tJGx9/IMz69FhdE2KbglJ+U=", "last_login": "2025-01-16T15:51:24.123Z", "is_superuser": false, "username": "juan", "first_name": "", "last_name": "", "email": "juan@email.com", "is_staff": false, "is_active": true, "date_joined": "2024-11-28T18:57:14.737Z", "groups": [], "user_permissions": []}}, {"model": "auth.user", "pk": 5, "fields": {"password": "pbkdf2_sha256$870000$6gk2xYaMPUTb0rcNFa25QD$y7Yxg9AqzUwAwnXAeCiHE9BrU2FbRd9cZwipzXkVjNk=", "last_login": "2025-01-07T16:12:01.206Z", "is_superuser": true, "username": "carlos1", "first_name": "", "last_name": "", "email": "", "is_staff": true, "is_active": true, "date_joined": "2025-01-03T17:46:40.183Z", "groups": [], "user_permissions": []}}, {"model": "auth.user", "pk": 6, "fields": {"password": "pbkdf2_sha256$870000$CXwwEa1K4KoOKgvYTMZnJO$0v+Vr0ablA1xLKLJPn/ux60Cle9rQ0Gjsw/0ZV8nL3Q=", "last_login": "2025-01-16T23:42:36.160Z", "is_superuser": false, "username": "jonjones", "first_name": "", "last_name": "", "email": "jon@gmail.com", "is_staff": false, "is_active": true, "date_joined": "2025-01-15T02:01:36.621Z", "groups": [], "user_permissions": []}}, {"model": "auth.user", "pk": 7, "fields": {"password": "pbkdf2_sha256$870000$PeTejtbmM3CQR4L9ascjXQ$tgoNdZZBTYlZdXTHa/3sN51a1VB30SYKkyQL94Q8I44=", "last_login": null, "is_superuser": false, "username": "khabib", "first_name": "", "last_name": "", "email": "nurgamedov@email.com", "is_staff": false, "is_active": true, "date_joined": "2025-01-15T02:08:29.631Z", "groups": [], "user_permissions": []}}, {"model": "auth.user", "pk": 8, "fields": {"password": "pbkdf2_sha256$870000$uuJ4mS14CrajHcfzM7xLMQ$U/2Lrvw5O23VEvamjPgObg4IcNrntY9kiMBvRcPQ034=", "last_login": "2025-01-15T15:37:07.477Z", "is_superuser": false, "username": "connor", "first_name": "", "last_name": "", "email": "mcchicken@gmail.com", "is_staff": false, "is_active": true, "date_joined": "2025-01-15T02:15:44.798Z", "groups": [], "user_permissions": []}}, {"model": "auth.user", "pk": 9, "fields": {"password": "pbkdf2_sha256$870000$kj8J6l8WgHb8f691tsVc11$Uxu2MMaBcGHQ+NtsOzv0mDZ3PylwYO0q2xVry2Gpo8U=", "last_login": "2025-01-15T02:18:32.776Z", "is_superuser": false, "username": "juanaLacUBANA", "first_name": "", "last_name": "", "email": "JUANA@email.com", "is_staff": false, "is_active": true, "date_joined": "2025-01-15T02:18:32.057Z", "groups": [], "user_permissions": []}}, {"model": "auth.user", "pk": 10, "fields": {"password": "pbkdf2_sha256$870000$pPvWEI5SY4pSDH4jI2ra1N$8ODzQofrls+nErt5xAt3crFavCVbmJq4r3nwZ3HJSuI=", "last_login": "2025-01-16T19:32:11.944Z", "is_superuser": false, "username": "islam", "first_name": "", "last_name": "", "email": "islam@email.com", "is_staff": false, "is_active": true, "date_joined": "2025-01-16T19:32:11.226Z", "groups": [], "user_permissions": []}}, {"model": "contenttypes.contenttype", "pk": 1, "fields": {"app_label": "admin", "model": "logentry"}}, {"model": "contenttypes.contenttype", "pk": 2, "fields": {"app_label": "auth", "model": "permission"}}, {"model": "contenttypes.contenttype", "pk": 3, "fields": {"app_label": "auth", "model": "group"}}, {"model": "contenttypes.contenttype", "pk": 4, "fields": {"app_label": "auth", "model": "user"}}, {"model": "contenttypes.contenttype", "pk": 5, "fields": {"app_label": "contenttypes", "model": "contenttype"}}, {"model": "contenttypes.contenttype", "pk": 6, "fields": {"app_label": "sessions", "model": "session"}}, {"model": "contenttypes.contenttype", "pk": 7, "fields": {"app_label": "exchange", "model": "skill"}}, {"model": "contenttypes.contenttype", "pk": 8, "fields": {"app_label": "exchange", "model": "skillexchange"}}, {"model": "contenttypes.contenttype", "pk": 9, "fields": {"app_label": "exchange", "model": "userprofile"}}, {"model": "contenttypes.contenttype", "pk": 10, "fields": {"app_label": "exchange", "model": "skillcategory"}}, {"model": "contenttypes.contenttype", "pk": 11, "fields": {"app_label": "exchange", "model": "skillprovider"}}, {"model": "sessions.session", "pk": "02bj24uvzdfzrawrpors3gshw2fni3qf", "fields": {"session_data": ".eJxVjEsOwiAUAO_C2hBAvi7d9wzkvQdI1dCktCvj3ZWkC93OTObFIuxbjXvPa5wTu7AzO_0yBHrkNkS6Q7stnJa2rTPykfDDdj4tKT-vR_s3qNDr2DrntXFaJZJGgKGgsWhvCqH2Eg0UJ5JEDFZ9AbogoFgF0qokUAZi7w_PrDed:1tUDiv:1ZV9oXS69XF6d0LhwinAd-H1eTLEx8mdyqlzrNx2Odc", "expire_date": "2025-01-18T23:38:29.641Z"}}, {"model": "sessions.session", "pk": "0dg1pw356l68ge29ysl94ckjfpozyz1j", "fields": {"session_data": ".eJxVjEsOwiAUAO_C2hBAvi7d9wzkvQdI1dCktCvj3ZWkC93OTObFIuxbjXvPa5wTu7AzO_0yBHrkNkS6Q7stnJa2rTPykfDDdj4tKT-vR_s3qNDr2DrntXFaJZJGgKGgsWhvCqH2Eg0UJ5JEDFZ9AbogoFgF0qokUAZi7w_PrDed:1tXmPF:XqLQ6fj0oKcy5ZANMcYKBCVvjR0TGw2nrkSE7rO2MLw", "expire_date": "2025-01-28T19:16:53.701Z"}}, {"model": "sessions.session", "pk": "23qpbmc8rg8yz2pdtp2e74n14diftkks", "fields": {"session_data": ".eJxVjEsOwiAUAO_C2hBAvi7d9wzkvQdI1dCktCvj3ZWkC93OTObFIuxbjXvPa5wTu7AzO_0yBHrkNkS6Q7stnJa2rTPykfDDdj4tKT-vR_s3qNDr2DrntXFaJZJGgKGgsWhvCqH2Eg0UJ5JEDFZ9AbogoFgF0qokUAZi7w_PrDed:1tUyMn:egz8z4Qw9zhqpIW50AvF_5pmAbCNiS0YT2G_2TwttQU", "expire_date": "2025-01-21T01:26:45.736Z"}}, {"model": "sessions.session", "pk": "5bsl4vykti9wspqfsqn8yybhabxpuqt9", "fields": {"session_data": ".eJxVjEsOwiAUAO_C2hBAvi7d9wzkvQdI1dCktCvj3ZWkC93OTObFIuxbjXvPa5wTu7AzO_0yBHrkNkS6Q7stnJa2rTPykfDDdj4tKT-vR_s3qNDr2DrntXFaJZJGgKGgsWhvCqH2Eg0UJ5JEDFZ9AbogoFgF0qokUAZi7w_PrDed:1tUtio:LEyC_HOZuv9ISnN0KJrFsefCFv9KBk11XtHJQkhzpAg", "expire_date": "2025-01-20T20:29:10.513Z"}}, {"model": "sessions.session", "pk": "6p7w80woswn4dsmd7psbzmjvl1cb58eo", "fields": {"session_data": ".eJxVjEsOwiAUAO_C2hBAvi7d9wzkvQdI1dCktCvj3ZWkC93OTObFIuxbjXvPa5wTu7AzO_0yBHrkNkS6Q7stnJa2rTPykfDDdj4tKT-vR_s3qNDr2DrntXFaJZJGgKGgsWhvCqH2Eg0UJ5JEDFZ9AbogoFgF0qokUAZi7w_PrDed:1tQxvH:31k_ShTUybE7p1mJupbLft23fgAoh7JInZEUSdvbGvU", "expire_date": "2025-01-10T00:09:47.051Z"}}, {"model": "sessions.session", "pk": "7ivkts03pfmkabkmwrcpyk3ixjnw4x2m", "fields": {"session_data": ".eJxVjEsOwiAUAO_C2hBAvi7d9wzkvQdI1dCktCvj3ZWkC93OTObFIuxbjXvPa5wTu7AzO_0yBHrkNkS6Q7stnJa2rTPykfDDdj4tKT-vR_s3qNDr2DrntXFaJZJGgKGgsWhvCqH2Eg0UJ5JEDFZ9AbogoFgF0qokUAZi7w_PrDed:1tS31d:c4gDl4EWBlnsqeYF62_ZHyKMJNFNo5Xk9b0qHtSmz6A", "expire_date": "2025-01-12T23:48:49.376Z"}}, {"model": "sessions.session", "pk": "a0wu7meu75we2eisf1wxqx09skc9uq12", "fields": {"session_data": ".eJxVjEsOwiAUAO_C2hBAvi7d9wzkvQdI1dCktCvj3ZWkC93OTObFIuxbjXvPa5wTu7AzO_0yBHrkNkS6Q7stnJa2rTPykfDDdj4tKT-vR_s3qNDr2DrntXFaJZJGgKGgsWhvCqH2Eg0UJ5JEDFZ9AbogoFgF0qokUAZi7w_PrDed:1tTmtk:mqT6r-XjKUb-zjTDmZeKrcsJQGHMbJfibSqEFzJTY0c", "expire_date": "2025-01-17T18:59:52.346Z"}}, {"model": "sessions.session", "pk": "d43mzvqvantheyovvroqatcnzmiee5zo", "fields": {"session_data": ".eJxVjEsOwiAUAO_C2hBAvi7d9wzkvQdI1dCktCvj3ZWkC93OTObFIuxbjXvPa5wTu7AzO_0yBHrkNkS6Q7stnJa2rTPykfDDdj4tKT-vR_s3qNDr2DrntXFaJZJGgKGgsWhvCqH2Eg0UJ5JEDFZ9AbogoFgF0qokUAZi7w_PrDed:1tTTKf:33bwm9A4rzeU_iC3D918KtFLHPt1cXLuqpQg2JO3y-Y", "expire_date": "2025-01-16T22:06:21.206Z"}}, {"model": "sessions.session", "pk": "di5fa993kq7obxifcxlogi9r8rdw5aom", "fields": {"session_data": ".eJxVjMEOwiAQRP-FsyHgUgSP3vsNZBcWqRpISnsy_rtt0oNe5jDvzbxFwHUpYe08hymJq7Di9NsRxifXHaQH1nuTsdVlnkjuijxol2NL_Lod7t9BwV62tXfGJ8dskkoe0EbUGgAckzZRKXPWkbbI6mIVep1pIMPgowXjIQ8kPl_XLTdp:1tY5s8:5ZjC8QSE7SPbnBhotHpQCPaSCq5kjboB2imKgdATaYk", "expire_date": "2025-01-29T16:04:00.351Z"}}, {"model": "sessions.session", "pk": "hdtipkh2dnd4e37ubrxt30y6wpxb4nx5", "fields": {"session_data": ".eJxVjEsOwiAUAO_C2hBAvi7d9wzkvQdI1dCktCvj3ZWkC93OTObFIuxbjXvPa5wTu7AzO_0yBHrkNkS6Q7stnJa2rTPykfDDdj4tKT-vR_s3qNDr2DrntXFaJZJGgKGgsWhvCqH2Eg0UJ5JEDFZ9AbogoFgF0qokUAZi7w_PrDed:1tItwr:9EljZ5jc02v6ASu8N1eYpXQpHQK2ZvjnQYpos7osunI", "expire_date": "2024-12-18T18:18:05.687Z"}}, {"model": "sessions.session", "pk": "iedpfteb3dsv95ahvoddur64dte0tfw9", "fields": {"session_data": ".eJxVjEsOwiAUAO_C2hBAvi7d9wzkvQdI1dCktCvj3ZWkC93OTObFIuxbjXvPa5wTu7AzO_0yBHrkNkS6Q7stnJa2rTPykfDDdj4tKT-vR_s3qNDr2DrntXFaJZJGgKGgsWhvCqH2Eg0UJ5JEDFZ9AbogoFgF0qokUAZi7w_PrDed:1tIsYa:UU9HLIO9yHnCtWwjGa1cRpyCiCSyXKqyuswlEk9m6RQ", "expire_date": "2024-12-18T16:48:56.792Z"}}, {"model": "sessions.session", "pk": "iwp9jeu2nqvnuosa2imhd8vibdvq6e7x", "fields": {"session_data": ".eJxVjDsOwjAQBe_iGlmJf2tT0nMGy7tr4wBypDipEHeHSCmgfTPzXiKmba1x63mJE4uzsOL0u2GiR2474Htqt1nS3NZlQrkr8qBdXmfOz8vh_h3U1Ou3DjoYW4rSRNZhCKRZYTGoy4Aj2ADOAaP3qYAjBkUakrHZ-cLjgKDF-wPnSzf1:1tUEe3:v080GN5p4nUPgZ-nRFMNosu9cFJCni7V-ipyuYGG1ko", "expire_date": "2025-01-19T00:37:31.422Z"}}, {"model": "sessions.session", "pk": "l2ktnu63akxoka7xue31rt2tepe0gtp2", "fields": {"session_data": ".eJxVjEsOwiAUAO_C2hBAvi7d9wzkvQdI1dCktCvj3ZWkC93OTObFIuxbjXvPa5wTu7AzO_0yBHrkNkS6Q7stnJa2rTPykfDDdj4tKT-vR_s3qNDr2DrntXFaJZJGgKGgsWhvCqH2Eg0UJ5JEDFZ9AbogoFgF0qokUAZi7w_PrDed:1tX5gG:k1gcQx2OgQ68BCxW_Ys0su1589GZjUZtenH4Bz-cSxY", "expire_date": "2025-01-26T21:39:36.839Z"}}, {"model": "sessions.session", "pk": "lkth4hr8duv0tr3e4z0p1qxe0wd2rjp3", "fields": {"session_data": ".eJxVjEsOwiAUAO_C2hBAvi7d9wzkvQdI1dCktCvj3ZWkC93OTObFIuxbjXvPa5wTu7AzO_0yBHrkNkS6Q7stnJa2rTPykfDDdj4tKT-vR_s3qNDr2DrntXFaJZJGgKGgsWhvCqH2Eg0UJ5JEDFZ9AbogoFgF0qokUAZi7w_PrDed:1tXmh2:FYMqM9MX7gGrkeEqomgvdEZLSdK2rU66rBjiQNqLbEY", "expire_date": "2025-01-28T19:35:16.535Z"}}, {"model": "sessions.session", "pk": "njhjvup9bp6qz81xavi6out4ei2t44ef", "fields": {"session_data": ".eJxVjEsOwiAUAO_C2hBAvi7d9wzkvQdI1dCktCvj3ZWkC93OTObFIuxbjXvPa5wTu7AzO_0yBHrkNkS6Q7stnJa2rTPykfDDdj4tKT-vR_s3qNDr2DrntXFaJZJGgKGgsWhvCqH2Eg0UJ5JEDFZ9AbogoFgF0qokUAZi7w_PrDed:1tMWh9:WwXIBUjylGBFk3DJhWPQC93Rxv31vGUl2BaLvqZtM7I", "expire_date": "2024-12-28T18:16:51.377Z"}}, {"model": "sessions.session", "pk": "nrk7bjeo56fyk296c5bibrxg9xnwt0ai", "fields": {"session_data": ".eJxVjEsOwiAUAO_C2hBAvi7d9wzkvQdI1dCktCvj3ZWkC93OTObFIuxbjXvPa5wTu7AzO_0yBHrkNkS6Q7stnJa2rTPykfDDdj4tKT-vR_s3qNDr2DrntXFaJZJGgKGgsWhvCqH2Eg0UJ5JEDFZ9AbogoFgF0qokUAZi7w_PrDed:1tXNyl:c5UBgxjZpthNYEtOeKoMbIDcA63HswVNLhfj2JbRkdE", "expire_date": "2025-01-27T17:11:55.499Z"}}, {"model": "sessions.session", "pk": "ntff4ap71c3femy6h3b99ej98fcnsm76", "fields": {"session_data": "e30:1tGjnR:2_PI_6ayo5g_Jo2JYOkEJImXOd693oMxHKDHOzfe8P8", "expire_date": "2024-12-12T19:03:25.234Z"}}, {"model": "sessions.session", "pk": "pg94ozqnt1ytkitw45sbuph459qelj5h", "fields": {"session_data": ".eJxVjDsOwjAQBe_iGlmJf2tT0nMGy7tr4wBypDipEHeHSCmgfTPzXiKmba1x63mJE4uzsOL0u2GiR2474Htqt1nS3NZlQrkr8qBdXmfOz8vh_h3U1Ou3DjoYW4rSRNZhCKRZYTGoy4Aj2ADOAaP3qYAjBkUakrHZ-cLjgKDF-wPnSzf1:1tUEJh:pKju6qctAZTeSQXwTZMm70ZxjfNU0RjKzdH8ats_etk", "expire_date": "2025-01-19T00:16:29.292Z"}}, {"model": "sessions.session", "pk": "r5enrbu8ijcwuwaz7pv6u8190z7aib2p", "fields": {"session_data": ".eJxVjEsOwiAUAO_C2hBAvi7d9wzkvQdI1dCktCvj3ZWkC93OTObFIuxbjXvPa5wTu7AzO_0yBHrkNkS6Q7stnJa2rTPykfDDdj4tKT-vR_s3qNDr2DrntXFaJZJGgKGgsWhvCqH2Eg0UJ5JEDFZ9AbogoFgF0qokUAZi7w_PrDed:1tUDdo:A8L9MidghewnVEKJdHAvNbKUETQnJQoxX6lPdF35A3c", "expire_date": "2025-01-18T23:33:12.243Z"}}, {"model": "sessions.session", "pk": "ruiynweagl5ndstw6ly06g6nfncsxa2i", "fields": {"session_data": ".eJxVjMEOwiAQRP-FsyHgUgSP3vsNZBcWqRpISnsy_rtt0oNe5jDvzbxFwHUpYe08hymJq7Di9NsRxifXHaQH1nuTsdVlnkjuijxol2NL_Lod7t9BwV62tXfGJ8dskkoe0EbUGgAckzZRKXPWkbbI6mIVep1pIMPgowXjIQ8kPl_XLTdp:1tY5dN:aBL23Nydd7rbMG0x_iIpUQYKb1PZdjDyXLrzdy0GXr0", "expire_date": "2025-01-29T15:48:45.073Z"}}, {"model": "sessions.session", "pk": "svwbnt2t9gl00gjn012g5j0xugxajrhf", "fields": {"session_data": ".eJxVjEsOwiAUAO_C2hBAvi7d9wzkvQdI1dCktCvj3ZWkC93OTObFIuxbjXvPa5wTu7AzO_0yBHrkNkS6Q7stnJa2rTPykfDDdj4tKT-vR_s3qNDr2DrntXFaJZJGgKGgsWhvCqH2Eg0UJ5JEDFZ9AbogoFgF0qokUAZi7w_PrDed:1tWHX0:P3n253rikx0veJPGuwFu4ry7V5XLG-JWJy0Mkmxwodg", "expire_date": "2025-01-24T16:06:42.980Z"}}, {"model": "sessions.session", "pk": "t9n5bupcfpzv8ntufg2w5u0zhq1gd0z2", "fields": {"session_data": ".eJxVjDsOwjAQBe_iGlmJf2tT0nMGy7tr4wBypDipEHeHSCmgfTPzXiKmba1x63mJE4uzsOL0u2GiR2474Htqt1nS3NZlQrkr8qBdXmfOz8vh_h3U1Ou3DjoYW4rSRNZhCKRZYTGoy4Aj2ADOAaP3qYAjBkUakrHZ-cLjgKDF-wPnSzf1:1tVCBV:pBwPRet9-ywRoWuGlaP4xAvEj50BoODuLJNLC0ZFq70", "expire_date": "2025-01-21T16:12:01.209Z"}}, {"model": "sessions.session", "pk": "tu4w6knz5pg2yn9xpi6drck9wi4tpmc0", "fields": {"session_data": ".eJxVjEsOwiAUAO_C2hBAvi7d9wzkvQdI1dCktCvj3ZWkC93OTObFIuxbjXvPa5wTu7AzO_0yBHrkNkS6Q7stnJa2rTPykfDDdj4tKT-vR_s3qNDr2DrntXFaJZJGgKGgsWhvCqH2Eg0UJ5JEDFZ9AbogoFgF0qokUAZi7w_PrDed:1tUE4b:xdX9AawVgXP1y0hB94TfQGWn4Dn7lXzHcIrS9w1X0Lk", "expire_date": "2025-01-19T00:00:53.733Z"}}, {"model": "sessions.session", "pk": "tw6u1cvam6mgjtl98ym0gukedvohrplh", "fields": {"session_data": ".eJxVjEsOwiAUAO_C2hBAvi7d9wzkvQdI1dCktCvj3ZWkC93OTObFIuxbjXvPa5wTu7AzO_0yBHrkNkS6Q7stnJa2rTPykfDDdj4tKT-vR_s3qNDr2DrntXFaJZJGgKGgsWhvCqH2Eg0UJ5JEDFZ9AbogoFgF0qokUAZi7w_PrDed:1tRfBG:83Ds7PLLTnJ8Y02viosyl8VIMjOZHcgsG2ijcGNtpms", "expire_date": "2025-01-11T22:21:10.303Z"}}, {"model": "sessions.session", "pk": "uapaalbsrf648xsofqturtqg6a67qucv", "fields": {"session_data": ".eJxVjEsOwiAUAO_C2hBAvi7d9wzkvQdI1dCktCvj3ZWkC93OTObFIuxbjXvPa5wTu7AzO_0yBHrkNkS6Q7stnJa2rTPykfDDdj4tKT-vR_s3qNDr2DrntXFaJZJGgKGgsWhvCqH2Eg0UJ5JEDFZ9AbogoFgF0qokUAZi7w_PrDed:1tXmaP:1q1yImK27lrQckiiT0fum5UUjkWBhALnSpl4nUFqCds", "expire_date": "2025-01-28T19:28:25.399Z"}}, {"model": "sessions.session", "pk": "ufibyyee47k69bjv6opdcrozj1io29y7", "fields": {"session_data": ".eJxVjEsOwiAUAO_C2hBAvi7d9wzkvQdI1dCktCvj3ZWkC93OTObFIuxbjXvPa5wTu7AzO_0yBHrkNkS6Q7stnJa2rTPykfDDdj4tKT-vR_s3qNDr2DrntXFaJZJGgKGgsWhvCqH2Eg0UJ5JEDFZ9AbogoFgF0qokUAZi7w_PrDed:1tWGhH:4nYBj80sBYNCs1xxQXTv9lj6YBiu7S2vAoGIYLilbLk", "expire_date": "2025-01-24T15:13:15.551Z"}}, {"model": "sessions.session", "pk": "x4t9a6szwxr02lh38vu4ytuli212th7x", "fields": {"session_data": ".eJxVjEsOwiAUAO_C2hBAvi7d9wzkvQdI1dCktCvj3ZWkC93OTObFIuxbjXvPa5wTu7AzO_0yBHrkNkS6Q7stnJa2rTPykfDDdj4tKT-vR_s3qNDr2DrntXFaJZJGgKGgsWhvCqH2Eg0UJ5JEDFZ9AbogoFgF0qokUAZi7w_PrDed:1tS2yf:lBsCchZiFfoWL50x1waK8nfk4dHX9zWaUlL-sjjfpDI", "expire_date": "2025-01-12T23:45:45.899Z"}}, {"model": "sessions.session", "pk": "y9p23w28aiwcieb69wtuj8naj0hh4rva", "fields": {"session_data": ".eJxVjEsOwiAUAO_C2hBAvi7d9wzkvQdI1dCktCvj3ZWkC93OTObFIuxbjXvPa5wTu7AzO_0yBHrkNkS6Q7stnJa2rTPykfDDdj4tKT-vR_s3qNDr2DrntXFaJZJGgKGgsWhvCqH2Eg0UJ5JEDFZ9AbogoFgF0qokUAZi7w_PrDed:1tS2PN:LAs-cdZIkE4Pc9IH7NaGL0aN0ryn9-H2Uk12N5pXDwc", "expire_date": "2025-01-12T23:09:17.197Z"}}, {"model": "sessions.session", "pk": "zzslb1f3pz7iov7wx0sovwzl7m0mi08z", "fields": {"session_data": "e30:1tIs9S:hJtKgHaktQ7fPDLYDoZnJtW5Gd5Tpt6k32ZgPSdPnuU", "expire_date": "2024-12-18T16:22:58.769Z"}}, {"model": "exchange.userprofile", "pk": 1, "fields": {"user": 3, "profile_picture": "", "cover_page": "assets/default_images/default-cover.png", "location": null, "about_me": null, "linkedin": null, "facebook": null, "instagram": null, "skills_offered": [], "skills_needed": []}}, {"model": "exchange.userprofile", "pk": 3, "fields": {"user": 5, "profile_picture": "", "cover_page": "assets/default_images/default-cover.png", "location": null, "about_me": null, "linkedin": null, "facebook": null, "instagram": null, "skills_offered": [], "skills_needed": []}}, {"model": "exchange.userprofile", "pk": 4, "fields": {"user": 6, "profile_picture": "profile_pics/boxing_vcdxz4O.jpg", "cover_page": "cover_pages/camping_nIGCKyo.jpg", "location": "Toronto, ON", "about_me": "Im just a chill guy, GOAT of MMA!", "linkedin": null, "facebook": null, "instagram": null, "skills_offered": [2], "skills_needed": [5]}}, {"model": "exchange.userprofile", "pk": 5, "fields": {"user": 7, "profile_picture": "assets/default_images/default-profile.png", "cover_page": "assets/default_images/default-cover.png", "location": null, "about_me": null, "linkedin": null, "facebook": null, "instagram": null, "skills_offered": [], "skills_needed": []}}, {"model": "exchange.userprofile", "pk": 6, "fields": {"user": 8, "profile_picture": "assets/default_images/default-profile.png", "cover_page": "assets/default_images/default-cover.png", "location": null, "about_me": null, "linkedin": null, "facebook": null, "instagram": null, "skills_offered": [], "skills_needed": []}}, {"model": "exchange.userprofile", "pk": 7, "fields": {"user": 9, "profile_picture": "profile_pics/handstand.jpg", "cover_page": "assets/default_images/default-cover.png", "location": "Toronto, ON", "about_me": "I'm just a chill guy!", "linkedin": null, "facebook": null, "instagram": null, "skills_offered": [3], "skills_needed": [4]}}, {"model": "exchange.userprofile", "pk": 8, "fields": {"user": 10, "profile_picture": "assets/default_images/default-profile.png", "cover_page": "assets/default_images/default-cover.png", "location": null, "about_me": null, "linkedin": null, "facebook": null, "instagram": null, "skills_offered": [], "skills_needed": []}}, {"model": "exchange.skillcategory", "pk": 1, "fields": {"name": "Outdoors and sports"}}, {"model": "exchange.skillcategory", "pk": 2, "fields": {"name": "Educational hobby"}}, {"model": "exchange.skillcategory", "pk": 3, "fields": {"name": "Indoor Collection hobby"}}, {"model": "exchange.skillcategory", "pk": 4, "fields": {"name": "Outdoor Collection hobby"}}, {"model": "exchange.skillcategory", "pk": 5, "fields": {"name": "Indoor Competitive hobby"}}, {"model": "exchange.skillcategory", "pk": 6, "fields": {"name": "Outdoor Competitive hobby"}}, {"model": "exchange.skillcategory", "pk": 7, "fields": {"name": "Indoor Observation hobby"}}, {"model": "exchange.skillcategory", "pk": 8, "fields": {"name": "Outdoor Observation hobby"}}, {"model": "exchange.skillprovider", "pk": 1, "fields": {"user": 3}}, {"model": "exchange.skillprovider", "pk": 2, "fields": {"user": 5}}, {"model": "exchange.skillprovider", "pk": 3, "fields": {"user": 6}}, {"model": "exchange.skill", "pk": 2, "fields": {"title": "Airsoft", "description": "I'll teach you tactics, gun handling & safety, and organize games/scenarios. In exchange, I'm looking for skills in photography, videography, or outdoor gear repair. Let's exchange skills and level up together!", "category": 1, "image": "skill_images/airsoft.jpg", "providers": [1]}}, {"model": "exchange.skill", "pk": 3, "fields": {"title": "Amateur geology", "description": "Geology enthusiast! I'll share knowledge on rock identification, geological mapping, and mineral exploration. Open to any skill exchange.", "category": 8, "image": "skill_images/geology.jpg", "providers": [1]}}, {"model": "exchange.skill", "pk": 4, "fields": {"title": "Amusement park visiting", "description": "Description here", "category": 1, "image": "default_image.jpg", "providers": []}}, {"model": "exchange.skill", "pk": 5, "fields": {"title": "Archery", "description": "Description here", "category": 1, "image": "default_image.jpg", "providers": []}}, {"model": "exchange.skill", "pk": 6, "fields": {"title": "Auto detailing", "description": "Description here", "category": 1, "image": "default_image.jpg", "providers": []}}, {"model": "exchange.skill", "pk": 7, "fields": {"title": "Automobilism", "description": "Description here", "category": 1, "image": "default_image.jpg", "providers": []}}, {"model": "exchange.skill", "pk": 8, "fields": {"title": "Astronomy", "description": "Description here", "category": 1, "image": "default_image.jpg", "providers": []}}, {"model": "exchange.skill", "pk": 9, "fields": {"title": "Backpacking", "description": "Description here", "category": 1, "image": "default_image.jpg", "providers": []}}, {"model": "exchange.skill", "pk": 10, "fields": {"title": "Badminton", "description": "Description here", "category": 1, "image": "default_image.jpg", "providers": []}}, {"model": "exchange.skill", "pk": 11, "fields": {"title": "BASE jumping", "description": "Description here", "category": 1, "image": "default_image.jpg", "providers": []}}, {"model": "exchange.skill", "pk": 12, "fields": {"title": "Baseball", "description": "Description here", "category": 1, "image": "default_image.jpg", "providers": []}}, {"model": "exchange.skill", "pk": 13, "fields": {"title": "Basketball", "description": "Description here", "category": 1, "image": "default_image.jpg", "providers": []}}, {"model": "exchange.skill", "pk": 14, "fields": {"title": "Beachcombing", "description": "Description here", "category": 1, "image": "default_image.jpg", "providers": []}}, {"model": "exchange.skill", "pk": 15, "fields": {"title": "Beekeeping", "description": "Description here", "category": 1, "image": "default_image.jpg", "providers": []}}, {"model": "exchange.skill", "pk": 16, "fields": {"title": "Birdwatching", "description": "Description here", "category": 1, "image": "default_image.jpg", "providers": []}}, {"model": "exchange.skill", "pk": 17, "fields": {"title": "Blacksmithing", "description": "Description here", "category": 1, "image": "default_image.jpg", "providers": []}}, {"model": "exchange.skill", "pk": 18, "fields": {"title": "BMX", "description": "Been in the BMX game for around 5 years. I am looking for some graphic design exchange skills.", "category": 8, "image": "skill_images/bmx.jpg", "providers": [1]}}, {"model": "exchange.skill", "pk": 19, "fields": {"title": "Board sports", "description": "Description here", "category": 1, "image": "default_image.jpg", "providers": []}}, {"model": "exchange.skill", "pk": 20, "fields": {"title": "Bodybuilding", "description": "Description here", "category": 1, "image": "default_image.jpg", "providers": []}}, {"model": "exchange.skill", "pk": 21, "fields": {"title": "Bus riding", "description": "Description here", "category": 1, "image": "default_image.jpg", "providers": []}}, {"model": "exchange.skill", "pk": 22, "fields": {"title": "Camping", "description": "Been on the camping game for quite a while, and I'm happy to share my knowledge on setting up campfires, a tent, and hunting.", "category": 8, "image": "skill_images/camping.jpg", "providers": [3]}}, {"model": "exchange.skill", "pk": 23, "fields": {"title": "Canoeing", "description": "Description here", "category": 1, "image": "default_image.jpg", "providers": []}}, {"model": "exchange.skill", "pk": 24, "fields": {"title": "Canyoning", "description": "Description here", "category": 1, "image": "default_image.jpg", "providers": []}}, {"model": "exchange.skill", "pk": 25, "fields": {"title": "Carrier pigeons", "description": "Description here", "category": 1, "image": "default_image.jpg", "providers": []}}, {"model": "exchange.skill", "pk": 26, "fields": {"title": "Car riding", "description": "Description here", "category": 1, "image": "default_image.jpg", "providers": []}}, {"model": "exchange.skill", "pk": 27, "fields": {"title": "Car tuning", "description": "Description here", "category": 1, "image": "default_image.jpg", "providers": []}}, {"model": "exchange.skill", "pk": 28, "fields": {"title": "Caving", "description": "Description here", "category": 1, "image": "default_image.jpg", "providers": []}}, {"model": "exchange.skill", "pk": 29, "fields": {"title": "City trip", "description": "Description here", "category": 1, "image": "default_image.jpg", "providers": []}}, {"model": "exchange.skill", "pk": 30, "fields": {"title": "Climbing", "description": "Description here", "category": 1, "image": "default_image.jpg", "providers": []}}, {"model": "exchange.skill", "pk": 31, "fields": {"title": "Composting", "description": "Description here", "category": 1, "image": "default_image.jpg", "providers": []}}, {"model": "exchange.skill", "pk": 32, "fields": {"title": "Croquet", "description": "Description here", "category": 1, "image": "default_image.jpg", "providers": []}}, {"model": "exchange.skill", "pk": 33, "fields": {"title": "Cycling", "description": "Description here", "category": 1, "image": "default_image.jpg", "providers": []}}, {"model": "exchange.skill", "pk": 34, "fields": {"title": "Dairy Farming", "description": "Description here", "category": 1, "image": "default_image.jpg", "providers": []}}, {"model": "exchange.skill", "pk": 35, "fields": {"title": "Dandyism", "description": "Description here", "category": 1, "image": "default_image.jpg", "providers": []}}, {"model": "exchange.skill", "pk": 36, "fields": {"title": "Darts", "description": "Description here", "category": 1, "image": "default_image.jpg", "providers": []}}, {"model": "exchange.skill", "pk": 37, "fields": {"title": "Dodgeball", "description": "Description here", "category": 1, "image": "default_image.jpg", "providers": []}}, {"model": "exchange.skill", "pk": 38, "fields": {"title": "Dog training", "description": "Description here", "category": 1, "image": "default_image.jpg", "providers": []}}, {"model": "exchange.skill", "pk": 39, "fields": {"title": "Dog walking", "description": "Description here", "category": 1, "image": "default_image.jpg", "providers": []}}, {"model": "exchange.skill", "pk": 40, "fields": {"title": "Dowsing", "description": "Description here", "category": 1, "image": "default_image.jpg", "providers": []}}, {"model": "exchange.skill", "pk": 41, "fields": {"title": "Driving", "description": "Description here", "category": 1, "image": "default_image.jpg", "providers": []}}, {"model": "exchange.skill", "pk": 42, "fields": {"title": "Farming", "description": "Description here", "category": 1, "image": "default_image.jpg", "providers": []}}, {"model": "exchange.skill", "pk": 43, "fields": {"title": "Fishing", "description": "Description here", "category": 1, "image": "default_image.jpg", "providers": []}}, {"model": "exchange.skill", "pk": 44, "fields": {"title": "Flag football", "description": "Description here", "category": 1, "image": "default_image.jpg", "providers": []}}, {"model": "exchange.skill", "pk": 45, "fields": {"title": "Flower growing", "description": "Description here", "category": 1, "image": "default_image.jpg", "providers": []}}, {"model": "exchange.skill", "pk": 46, "fields": {"title": "Flying", "description": "Description here", "category": 1, "image": "default_image.jpg", "providers": []}}, {"model": "exchange.skill", "pk": 47, "fields": {"title": "Flying disc", "description": "Description here", "category": 1, "image": "default_image.jpg", "providers": []}}, {"model": "exchange.skill", "pk": 48, "fields": {"title": "Flying model planes", "description": "Description here", "category": 1, "image": "default_image.jpg", "providers": []}}, {"model": "exchange.skill", "pk": 49, "fields": {"title": "Foraging", "description": "Description here", "category": 1, "image": "default_image.jpg", "providers": []}}, {"model": "exchange.skill", "pk": 50, "fields": {"title": "Fossicking", "description": "Description here", "category": 1, "image": "default_image.jpg", "providers": []}}, {"model": "exchange.skill", "pk": 51, "fields": {"title": "Freestyle football", "description": "Description here", "category": 1, "image": "default_image.jpg", "providers": []}}, {"model": "exchange.skill", "pk": 52, "fields": {"title": "Fruit picking", "description": "Description here", "category": 1, "image": "default_image.jpg", "providers": []}}, {"model": "exchange.skill", "pk": 53, "fields": {"title": "Gardening", "description": "Description here", "category": 1, "image": "default_image.jpg", "providers": []}}, {"model": "exchange.skill", "pk": 54, "fields": {"title": "Geocaching", "description": "Description here", "category": 1, "image": "default_image.jpg", "providers": []}}, {"model": "exchange.skill", "pk": 55, "fields": {"title": "Ghost hunting", "description": "Description here", "category": 1, "image": "default_image.jpg", "providers": []}}, {"model": "exchange.skill", "pk": 56, "fields": {"title": "Gold prospecting", "description": "Description here", "category": 1, "image": "default_image.jpg", "providers": []}}, {"model": "exchange.skill", "pk": 57, "fields": {"title": "Graffiti", "description": "Description here", "category": 1, "image": "default_image.jpg", "providers": []}}, {"model": "exchange.skill", "pk": 58, "fields": {"title": "Groundhopping", "description": "Description here", "category": 1, "image": "default_image.jpg", "providers": []}}, {"model": "exchange.skill", "pk": 59, "fields": {"title": "Guerrilla gardening", "description": "Description here", "category": 1, "image": "default_image.jpg", "providers": []}}, {"model": "exchange.skill", "pk": 60, "fields": {"title": "Gymnastics", "description": "Description here", "category": 1, "image": "default_image.jpg", "providers": []}}, {"model": "exchange.skill", "pk": 61, "fields": {"title": "Handball", "description": "Description here", "category": 1, "image": "default_image.jpg", "providers": []}}, {"model": "exchange.skill", "pk": 62, "fields": {"title": "Herbalism", "description": "Description here", "category": 1, "image": "default_image.jpg", "providers": []}}, {"model": "exchange.skill", "pk": 63, "fields": {"title": "Herping", "description": "Description here", "category": 1, "image": "default_image.jpg", "providers": []}}, {"model": "exchange.skill", "pk": 64, "fields": {"title": "High-power rocketry", "description": "Description here", "category": 1, "image": "default_image.jpg", "providers": []}}, {"model": "exchange.skill", "pk": 65, "fields": {"title": "Hiking", "description": "Description here", "category": 1, "image": "default_image.jpg", "providers": []}}, {"model": "exchange.skill", "pk": 66, "fields": {"title": "Hobby horsing", "description": "Description here", "category": 1, "image": "default_image.jpg", "providers": []}}, {"model": "exchange.skill", "pk": 67, "fields": {"title": "Hobby tunneling", "description": "Description here", "category": 1, "image": "default_image.jpg", "providers": []}}, {"model": "exchange.skill", "pk": 68, "fields": {"title": "Hooping", "description": "Description here", "category": 1, "image": "default_image.jpg", "providers": []}}, {"model": "exchange.skill", "pk": 69, "fields": {"title": "Horseback riding", "description": "Description here", "category": 1, "image": "default_image.jpg", "providers": []}}, {"model": "exchange.skill", "pk": 70, "fields": {"title": "Hunting", "description": "Description here", "category": 1, "image": "default_image.jpg", "providers": []}}, {"model": "exchange.skill", "pk": 71, "fields": {"title": "Inline skating", "description": "Description here", "category": 1, "image": "default_image.jpg", "providers": []}}, {"model": "exchange.skill", "pk": 72, "fields": {"title": "Jogging", "description": "Description here", "category": 1, "image": "default_image.jpg", "providers": []}}, {"model": "exchange.skill", "pk": 73, "fields": {"title": "Jumping rope", "description": "Description here", "category": 1, "image": "default_image.jpg", "providers": []}}, {"model": "exchange.skill", "pk": 74, "fields": {"title": "Karting", "description": "Description here", "category": 1, "image": "default_image.jpg", "providers": []}}, {"model": "exchange.skill", "pk": 75, "fields": {"title": "Kayaking", "description": "Description here", "category": 1, "image": "default_image.jpg", "providers": []}}, {"model": "exchange.skill", "pk": 76, "fields": {"title": "Kite flying", "description": "Description here", "category": 1, "image": "default_image.jpg", "providers": []}}, {"model": "exchange.skill", "pk": 77, "fields": {"title": "Kitesurfing", "description": "Description here", "category": 1, "image": "default_image.jpg", "providers": []}}, {"model": "exchange.skill", "pk": 78, "fields": {"title": "Lacrosse", "description": "Description here", "category": 1, "image": "default_image.jpg", "providers": []}}, {"model": "exchange.skill", "pk": 79, "fields": {"title": "LARPing", "description": "Description here", "category": 1, "image": "default_image.jpg", "providers": []}}, {"model": "exchange.skill", "pk": 80, "fields": {"title": "Letterboxing", "description": "Description here", "category": 1, "image": "default_image.jpg", "providers": []}}, {"model": "exchange.skill", "pk": 81, "fields": {"title": "Lomography", "description": "Description here", "category": 1, "image": "default_image.jpg", "providers": []}}, {"model": "exchange.skill", "pk": 82, "fields": {"title": "Longboarding", "description": "Description here", "category": 1, "image": "default_image.jpg", "providers": []}}, {"model": "exchange.skill", "pk": 83, "fields": {"title": "Martial arts", "description": "Description here", "category": 1, "image": "default_image.jpg", "providers": []}}, {"model": "exchange.skill", "pk": 84, "fields": {"title": "Magnet fishing", "description": "Description here", "category": 1, "image": "default_image.jpg", "providers": []}}, {"model": "exchange.skill", "pk": 85, "fields": {"title": "Metal detecting", "description": "Description here", "category": 1, "image": "default_image.jpg", "providers": []}}, {"model": "exchange.skill", "pk": 86, "fields": {"title": "Motorcycling", "description": "Description here", "category": 1, "image": "default_image.jpg", "providers": []}}, {"model": "exchange.skill", "pk": 87, "fields": {"title": "Meteorology", "description": "Description here", "category": 1, "image": "default_image.jpg", "providers": []}}, {"model": "exchange.skill", "pk": 88, "fields": {"title": "Motor sports", "description": "Description here", "category": 1, "image": "default_image.jpg", "providers": []}}, {"model": "exchange.skill", "pk": 89, "fields": {"title": "Mountain biking", "description": "Description here", "category": 1, "image": "default_image.jpg", "providers": []}}, {"model": "exchange.skill", "pk": 90, "fields": {"title": "Mountaineering", "description": "Description here", "category": 1, "image": "default_image.jpg", "providers": []}}, {"model": "exchange.skill", "pk": 91, "fields": {"title": "Museum visiting", "description": "Description here", "category": 1, "image": "default_image.jpg", "providers": []}}, {"model": "exchange.skill", "pk": 92, "fields": {"title": "Mushroom hunting/mycology", "description": "Description here", "category": 1, "image": "default_image.jpg", "providers": []}}, {"model": "exchange.skill", "pk": 93, "fields": {"title": "Netball", "description": "Description here", "category": 1, "image": "default_image.jpg", "providers": []}}, {"model": "exchange.skill", "pk": 94, "fields": {"title": "Noodling", "description": "Description here", "category": 1, "image": "default_image.jpg", "providers": []}}, {"model": "exchange.skill", "pk": 95, "fields": {"title": "Nordic skating", "description": "Description here", "category": 1, "image": "default_image.jpg", "providers": []}}, {"model": "exchange.skill", "pk": 96, "fields": {"title": "Orienteering", "description": "Description here", "category": 1, "image": "default_image.jpg", "providers": []}}, {"model": "exchange.skill", "pk": 97, "fields": {"title": "Paintball", "description": "Description here", "category": 1, "image": "default_image.jpg", "providers": []}}, {"model": "exchange.skill", "pk": 98, "fields": {"title": "Paragliding", "description": "Description here", "category": 1, "image": "default_image.jpg", "providers": []}}, {"model": "exchange.skill", "pk": 99, "fields": {"title": "Parkour", "description": "Description here", "category": 1, "image": "default_image.jpg", "providers": []}}, {"model": "exchange.skill", "pk": 100, "fields": {"title": "Photography", "description": "Description here", "category": 1, "image": "default_image.jpg", "providers": []}}, {"model": "exchange.skill", "pk": 101, "fields": {"title": "Pickleball", "description": "Description here", "category": 1, "image": "default_image.jpg", "providers": []}}, {"model": "exchange.skill", "pk": 102, "fields": {"title": "Picnicking", "description": "Description here", "category": 1, "image": "default_image.jpg", "providers": []}}, {"model": "exchange.skill", "pk": 103, "fields": {"title": "Podcast hosting", "description": "Description here", "category": 1, "image": "default_image.jpg", "providers": []}}, {"model": "exchange.skill", "pk": 104, "fields": {"title": "Polo", "description": "Description here", "category": 1, "image": "default_image.jpg", "providers": []}}, {"model": "exchange.skill", "pk": 105, "fields": {"title": "Powerlifting", "description": "Description here", "category": 1, "image": "default_image.jpg", "providers": []}}, {"model": "exchange.skill", "pk": 106, "fields": {"title": "Public transport riding", "description": "Description here", "category": 1, "image": "default_image.jpg", "providers": []}}, {"model": "exchange.skill", "pk": 107, "fields": {"title": "Qigong", "description": "Description here", "category": 1, "image": "default_image.jpg", "providers": []}}, {"model": "exchange.skill", "pk": 108, "fields": {"title": "Radio-controlled model playing", "description": "Description here", "category": 1, "image": "default_image.jpg", "providers": []}}, {"model": "exchange.skill", "pk": 109, "fields": {"title": "Rafting", "description": "Description here", "category": 1, "image": "default_image.jpg", "providers": []}}, {"model": "exchange.skill", "pk": 110, "fields": {"title": "Railway journeys", "description": "Description here", "category": 1, "image": "default_image.jpg", "providers": []}}, {"model": "exchange.skill", "pk": 111, "fields": {"title": "Railway modelling", "description": "Description here", "category": 1, "image": "default_image.jpg", "providers": []}}, {"model": "exchange.skill", "pk": 112, "fields": {"title": "Rappelling", "description": "Description here", "category": 1, "image": "default_image.jpg", "providers": []}}, {"model": "exchange.skill", "pk": 113, "fields": {"title": "Renaissance fair", "description": "Description here", "category": 1, "image": "default_image.jpg", "providers": []}}, {"model": "exchange.skill", "pk": 114, "fields": {"title": "Renovating", "description": "Description here", "category": 1, "image": "default_image.jpg", "providers": []}}, {"model": "exchange.skill", "pk": 115, "fields": {"title": "Road biking", "description": "Description here", "category": 1, "image": "default_image.jpg", "providers": []}}, {"model": "exchange.skill", "pk": 116, "fields": {"title": "Rock climbing", "description": "Description here", "category": 1, "image": "default_image.jpg", "providers": []}}, {"model": "exchange.skill", "pk": 117, "fields": {"title": "Rock painting", "description": "Description here", "category": 1, "image": "default_image.jpg", "providers": []}}, {"model": "exchange.skill", "pk": 118, "fields": {"title": "Roller skating", "description": "Description here", "category": 1, "image": "default_image.jpg", "providers": []}}, {"model": "exchange.skill", "pk": 119, "fields": {"title": "Roundnet", "description": "Description here", "category": 1, "image": "default_image.jpg", "providers": []}}, {"model": "exchange.skill", "pk": 120, "fields": {"title": "Rugby", "description": "Description here", "category": 1, "image": "default_image.jpg", "providers": []}}, {"model": "exchange.skill", "pk": 121, "fields": {"title": "Running", "description": "Description here", "category": 1, "image": "default_image.jpg", "providers": []}}, {"model": "exchange.skill", "pk": 122, "fields": {"title": "Safari", "description": "Description here", "category": 1, "image": "default_image.jpg", "providers": []}}, {"model": "exchange.skill", "pk": 123, "fields": {"title": "Sailing", "description": "Description here", "category": 1, "image": "default_image.jpg", "providers": []}}, {"model": "exchange.skill", "pk": 124, "fields": {"title": "Sand art", "description": "Description here", "category": 1, "image": "default_image.jpg", "providers": []}}, {"model": "exchange.skill", "pk": 125, "fields": {"title": "Scouting", "description": "Description here", "category": 1, "image": "default_image.jpg", "providers": []}}, {"model": "exchange.skill", "pk": 126, "fields": {"title": "Scuba diving", "description": "Description here", "category": 1, "image": "default_image.jpg", "providers": []}}, {"model": "exchange.skill", "pk": 127, "fields": {"title": "Sculling or rowing", "description": "Description here", "category": 1, "image": "default_image.jpg", "providers": []}}, {"model": "exchange.skill", "pk": 128, "fields": {"title": "Shooting", "description": "Description here", "category": 1, "image": "default_image.jpg", "providers": []}}, {"model": "exchange.skill", "pk": 129, "fields": {"title": "Shopping", "description": "Description here", "category": 1, "image": "default_image.jpg", "providers": []}}, {"model": "exchange.skill", "pk": 130, "fields": {"title": "Shuffleboard", "description": "Description here", "category": 1, "image": "default_image.jpg", "providers": []}}, {"model": "exchange.skill", "pk": 131, "fields": {"title": "Skateboarding", "description": "Description here", "category": 1, "image": "default_image.jpg", "providers": []}}, {"model": "exchange.skill", "pk": 132, "fields": {"title": "Skiing", "description": "Description here", "category": 1, "image": "default_image.jpg", "providers": []}}, {"model": "exchange.skill", "pk": 133, "fields": {"title": "Skimboarding", "description": "Description here", "category": 1, "image": "default_image.jpg", "providers": []}}, {"model": "exchange.skill", "pk": 134, "fields": {"title": "Skydiving", "description": "Description here", "category": 1, "image": "default_image.jpg", "providers": []}}, {"model": "exchange.skill", "pk": 135, "fields": {"title": "Slacklining", "description": "Description here", "category": 1, "image": "default_image.jpg", "providers": []}}, {"model": "exchange.skill", "pk": 136, "fields": {"title": "Sledding", "description": "Description here", "category": 1, "image": "default_image.jpg", "providers": []}}, {"model": "exchange.skill", "pk": 137, "fields": {"title": "Snorkeling", "description": "Description here", "category": 1, "image": "default_image.jpg", "providers": []}}, {"model": "exchange.skill", "pk": 138, "fields": {"title": "Snowboarding", "description": "Description here", "category": 1, "image": "default_image.jpg", "providers": []}}, {"model": "exchange.skill", "pk": 139, "fields": {"title": "Snowmobiling", "description": "Description here", "category": 1, "image": "default_image.jpg", "providers": []}}, {"model": "exchange.skill", "pk": 140, "fields": {"title": "Snowshoeing", "description": "Description here", "category": 1, "image": "default_image.jpg", "providers": []}}, {"model": "exchange.skill", "pk": 141, "fields": {"title": "Soccer", "description": "Description here", "category": 1, "image": "default_image.jpg", "providers": []}}, {"model": "exchange.skill", "pk": 142, "fields": {"title": "Stone skipping", "description": "Description here", "category": 1, "image": "default_image.jpg", "providers": []}}, {"model": "exchange.skill", "pk": 143, "fields": {"title": "Storm chasing", "description": "Description here", "category": 1, "image": "default_image.jpg", "providers": []}}, {"model": "exchange.skill", "pk": 144, "fields": {"title": "Sun bathing", "description": "Description here", "category": 1, "image": "default_image.jpg", "providers": []}}, {"model": "exchange.skill", "pk": 145, "fields": {"title": "Surfing", "description": "Description here", "category": 1, "image": "default_image.jpg", "providers": []}}, {"model": "exchange.skill", "pk": 146, "fields": {"title": "Survivalism", "description": "Description here", "category": 1, "image": "default_image.jpg", "providers": []}}, {"model": "exchange.skill", "pk": 147, "fields": {"title": "Swimming", "description": "Description here", "category": 1, "image": "default_image.jpg", "providers": []}}, {"model": "exchange.skill", "pk": 148, "fields": {"title": "Table tennis playing", "description": "Description here", "category": 1, "image": "default_image.jpg", "providers": []}}, {"model": "exchange.skill", "pk": 149, "fields": {"title": "Taekwondo", "description": "Description here", "category": 1, "image": "default_image.jpg", "providers": []}}, {"model": "exchange.skill", "pk": 150, "fields": {"title": "Tai chi", "description": "Description here", "category": 1, "image": "default_image.jpg", "providers": []}}, {"model": "exchange.skill", "pk": 151, "fields": {"title": "Tennis", "description": "Description here", "category": 1, "image": "default_image.jpg", "providers": []}}, {"model": "exchange.skill", "pk": 152, "fields": {"title": "Thru-hiking", "description": "Description here", "category": 1, "image": "default_image.jpg", "providers": []}}, {"model": "exchange.skill", "pk": 153, "fields": {"title": "Topiary", "description": "Description here", "category": 1, "image": "default_image.jpg", "providers": []}}, {"model": "exchange.skill", "pk": 154, "fields": {"title": "Tourism", "description": "Description here", "category": 1, "image": "default_image.jpg", "providers": []}}, {"model": "exchange.skill", "pk": 155, "fields": {"title": "Trade fair visiting", "description": "Description here", "category": 1, "image": "default_image.jpg", "providers": []}}, {"model": "exchange.skill", "pk": 156, "fields": {"title": "Travel", "description": "Description here", "category": 1, "image": "default_image.jpg", "providers": []}}, {"model": "exchange.skill", "pk": 157, "fields": {"title": "Unicycling", "description": "Description here", "category": 1, "image": "default_image.jpg", "providers": []}}, {"model": "exchange.skill", "pk": 158, "fields": {"title": "Urban exploration", "description": "Description here", "category": 1, "image": "default_image.jpg", "providers": []}}, {"model": "exchange.skill", "pk": 159, "fields": {"title": "Vacation", "description": "Description here", "category": 1, "image": "default_image.jpg", "providers": []}}, {"model": "exchange.skill", "pk": 160, "fields": {"title": "Vegetable farming", "description": "Description here", "category": 1, "image": "default_image.jpg", "providers": []}}, {"model": "exchange.skill", "pk": 161, "fields": {"title": "Vehicle restoration", "description": "Description here", "category": 1, "image": "default_image.jpg", "providers": []}}, {"model": "exchange.skill", "pk": 162, "fields": {"title": "Videography", "description": "Description here", "category": 1, "image": "default_image.jpg", "providers": []}}, {"model": "exchange.skill", "pk": 163, "fields": {"title": "Volleyball", "description": "Description here", "category": 1, "image": "default_image.jpg", "providers": []}}, {"model": "exchange.skill", "pk": 164, "fields": {"title": "Volunteering", "description": "Description here", "category": 1, "image": "default_image.jpg", "providers": []}}, {"model": "exchange.skill", "pk": 165, "fields": {"title": "Walking", "description": "Description here", "category": 1, "image": "default_image.jpg", "providers": []}}, {"model": "exchange.skill", "pk": 166, "fields": {"title": "Water sports", "description": "Description here", "category": 1, "image": "default_image.jpg", "providers": []}}, {"model": "exchange.skill", "pk": 167, "fields": {"title": "Zoo visiting", "description": "Description here", "category": 1, "image": "default_image.jpg", "providers": []}}, {"model": "exchange.skill", "pk": 168, "fields": {"title": "Archaeology", "description": "Description here", "category": 2, "image": "default_image.jpg", "providers": []}}, {"model": "exchange.skill", "pk": 169, "fields": {"title": "Architecture", "description": "Description here", "category": 2, "image": "default_image.jpg", "providers": []}}, {"model": "exchange.skill", "pk": 170, "fields": {"title": "Astronomy", "description": "Description here", "category": 2, "image": "default_image.jpg", "providers": []}}, {"model": "exchange.skill", "pk": 171, "fields": {"title": "Animation", "description": "Description here", "category": 2, "image": "default_image.jpg", "providers": []}}, {"model": "exchange.skill", "pk": 172, "fields": {"title": "Aerospace", "description": "Description here", "category": 2, "image": "default_image.jpg", "providers": []}}, {"model": "exchange.skill", "pk": 173, "fields": {"title": "Biology", "description": "Description here", "category": 2, "image": "default_image.jpg", "providers": []}}, {"model": "exchange.skill", "pk": 174, "fields": {"title": "Botany", "description": "Description here", "category": 2, "image": "default_image.jpg", "providers": []}}, {"model": "exchange.skill", "pk": 175, "fields": {"title": "Business", "description": "Description here", "category": 2, "image": "default_image.jpg", "providers": []}}, {"model": "exchange.skill", "pk": 176, "fields": {"title": "Chemistry", "description": "Description here", "category": 2, "image": "default_image.jpg", "providers": []}}, {"model": "exchange.skill", "pk": 177, "fields": {"title": "Entrepreneurship", "description": "Description here", "category": 2, "image": "default_image.jpg", "providers": []}}, {"model": "exchange.skill", "pk": 178, "fields": {"title": "Finance", "description": "Description here", "category": 2, "image": "default_image.jpg", "providers": []}}, {"model": "exchange.skill", "pk": 179, "fields": {"title": "Geography", "description": "Description here", "category": 2, "image": "default_image.jpg", "providers": []}}, {"model": "exchange.skill", "pk": 180, "fields": {"title": "History", "description": "Description here", "category": 2, "image": "default_image.jpg", "providers": []}}, {"model": "exchange.skill", "pk": 181, "fields": {"title": "Linguistics", "description": "Description here", "category": 2, "image": "default_image.jpg", "providers": []}}, {"model": "exchange.skill", "pk": 182, "fields": {"title": "Literature", "description": "Description here", "category": 2, "image": "default_image.jpg", "providers": []}}, {"model": "exchange.skill", "pk": 183, "fields": {"title": "Mathematics", "description": "Description here", "category": 2, "image": "default_image.jpg", "providers": []}}, {"model": "exchange.skill", "pk": 184, "fields": {"title": "Medical science", "description": "Description here", "category": 2, "image": "default_image.jpg", "providers": []}}, {"model": "exchange.skill", "pk": 185, "fields": {"title": "Microbiology", "description": "Description here", "category": 2, "image": "default_image.jpg", "providers": []}}, {"model": "exchange.skill", "pk": 186, "fields": {"title": "Mycology", "description": "Description here", "category": 2, "image": "default_image.jpg", "providers": []}}, {"model": "exchange.skill", "pk": 187, "fields": {"title": "Myrmecology", "description": "Description here", "category": 2, "image": "default_image.jpg", "providers": []}}, {"model": "exchange.skill", "pk": 188, "fields": {"title": "Neuroscience", "description": "Description here", "category": 2, "image": "default_image.jpg", "providers": []}}, {"model": "exchange.skill", "pk": 189, "fields": {"title": "Philosophy", "description": "Description here", "category": 2, "image": "default_image.jpg", "providers": []}}, {"model": "exchange.skill", "pk": 190, "fields": {"title": "Physics", "description": "Description here", "category": 2, "image": "default_image.jpg", "providers": []}}, {"model": "exchange.skill", "pk": 191, "fields": {"title": "Psychology", "description": "Description here", "category": 2, "image": "default_image.jpg", "providers": []}}, {"model": "exchange.skill", "pk": 192, "fields": {"title": "Railway studies", "description": "Description here", "category": 2, "image": "default_image.jpg", "providers": []}}, {"model": "exchange.skill", "pk": 193, "fields": {"title": "Religious studies", "description": "Description here", "category": 2, "image": "default_image.jpg", "providers": []}}, {"model": "exchange.skill", "pk": 194, "fields": {"title": "Research", "description": "Description here", "category": 2, "image": "default_image.jpg", "providers": []}}, {"model": "exchange.skill", "pk": 195, "fields": {"title": "Science and technology studies", "description": "Description here", "category": 2, "image": "default_image.jpg", "providers": []}}, {"model": "exchange.skill", "pk": 196, "fields": {"title": "Social studies", "description": "Description here", "category": 2, "image": "default_image.jpg", "providers": []}}, {"model": "exchange.skill", "pk": 197, "fields": {"title": "Sociology", "description": "Description here", "category": 2, "image": "default_image.jpg", "providers": []}}, {"model": "exchange.skill", "pk": 198, "fields": {"title": "Sports science", "description": "Description here", "category": 2, "image": "default_image.jpg", "providers": []}}, {"model": "exchange.skill", "pk": 199, "fields": {"title": "Story writing", "description": "Description here", "category": 2, "image": "default_image.jpg", "providers": []}}, {"model": "exchange.skill", "pk": 200, "fields": {"title": "Life science", "description": "Description here", "category": 2, "image": "default_image.jpg", "providers": []}}, {"model": "exchange.skill", "pk": 201, "fields": {"title": "Teaching", "description": "Description here", "category": 2, "image": "default_image.jpg", "providers": []}}, {"model": "exchange.skill", "pk": 202, "fields": {"title": "Web design", "description": "Description here", "category": 2, "image": "default_image.jpg", "providers": []}}, {"model": "exchange.skill", "pk": 203, "fields": {"title": "engineering", "description": "Description here", "category": 2, "image": "default_image.jpg", "providers": []}}, {"model": "exchange.skill", "pk": 204, "fields": {"title": "jurisprudential", "description": "Description here", "category": 2, "image": "default_image.jpg", "providers": []}}, {"model": "exchange.skill", "pk": 205, "fields": {"title": "publishing", "description": "Description here", "category": 2, "image": "default_image.jpg", "providers": []}}, {"model": "exchange.skill", "pk": 206, "fields": {"title": "Wikipedia editing", "description": "Description here", "category": 2, "image": "default_image.jpg", "providers": []}}, {"model": "exchange.skill", "pk": 207, "fields": {"title": "Action figure", "description": "Description here", "category": 3, "image": "default_image.jpg", "providers": []}}, {"model": "exchange.skill", "pk": 208, "fields": {"title": "Antiquing", "description": "Description here", "category": 3, "image": "default_image.jpg", "providers": []}}, {"model": "exchange.skill", "pk": 209, "fields": {"title": "Ant-keeping", "description": "Description here", "category": 3, "image": "default_image.jpg", "providers": []}}, {"model": "exchange.skill", "pk": 210, "fields": {"title": "Art collecting", "description": "Description here", "category": 3, "image": "default_image.jpg", "providers": []}}, {"model": "exchange.skill", "pk": 211, "fields": {"title": "Book collecting", "description": "Description here", "category": 3, "image": "default_image.jpg", "providers": []}}, {"model": "exchange.skill", "pk": 212, "fields": {"title": "Button collecting", "description": "Description here", "category": 3, "image": "default_image.jpg", "providers": []}}, {"model": "exchange.skill", "pk": 213, "fields": {"title": "Cartophily (card collecting)", "description": "Description here", "category": 3, "image": "default_image.jpg", "providers": []}}, {"model": "exchange.skill", "pk": 214, "fields": {"title": "Coin collecting", "description": "Description here", "category": 3, "image": "default_image.jpg", "providers": []}}, {"model": "exchange.skill", "pk": 215, "fields": {"title": "Comic book collecting", "description": "Description here", "category": 3, "image": "default_image.jpg", "providers": []}}, {"model": "exchange.skill", "pk": 216, "fields": {"title": "Compact discs", "description": "Description here", "category": 3, "image": "default_image.jpg", "providers": []}}, {"model": "exchange.skill", "pk": 217, "fields": {"title": "Crystals", "description": "Description here", "category": 3, "image": "default_image.jpg", "providers": []}}, {"model": "exchange.skill", "pk": 218, "fields": {"title": "Deltiology (postcard collecting)", "description": "Description here", "category": 3, "image": "default_image.jpg", "providers": []}}, {"model": "exchange.skill", "pk": 219, "fields": {"title": "Die-cast toy", "description": "Description here", "category": 3, "image": "default_image.jpg", "providers": []}}, {"model": "exchange.skill", "pk": 220, "fields": {"title": "Digital hoarding", "description": "Description here", "category": 3, "image": "default_image.jpg", "providers": []}}, {"model": "exchange.skill", "pk": 221, "fields": {"title": "Dolls", "description": "Description here", "category": 3, "image": "default_image.jpg", "providers": []}}, {"model": "exchange.skill", "pk": 222, "fields": {"title": "Element collecting", "description": "Description here", "category": 3, "image": "default_image.jpg", "providers": []}}, {"model": "exchange.skill", "pk": 223, "fields": {"title": "Ephemera collecting", "description": "Description here", "category": 3, "image": "default_image.jpg", "providers": []}}, {"model": "exchange.skill", "pk": 224, "fields": {"title": "Films", "description": "Description here", "category": 3, "image": "default_image.jpg", "providers": []}}, {"model": "exchange.skill", "pk": 225, "fields": {"title": "Fingerprint collecting", "description": "Description here", "category": 3, "image": "default_image.jpg", "providers": []}}, {"model": "exchange.skill", "pk": 226, "fields": {"title": "Fusilately (phonecard collecting)", "description": "Description here", "category": 3, "image": "default_image.jpg", "providers": []}}, {"model": "exchange.skill", "pk": 227, "fields": {"title": "Knife collecting", "description": "Description here", "category": 3, "image": "default_image.jpg", "providers": []}}, {"model": "exchange.skill", "pk": 228, "fields": {"title": "Lapel pins", "description": "Description here", "category": 3, "image": "default_image.jpg", "providers": []}}, {"model": "exchange.skill", "pk": 229, "fields": {"title": "Lotology (lottery ticket collecting)", "description": "Description here", "category": 3, "image": "default_image.jpg", "providers": []}}, {"model": "exchange.skill", "pk": 230, "fields": {"title": "Movie memorabilia collecting", "description": "Description here", "category": 3, "image": "default_image.jpg", "providers": []}}, {"model": "exchange.skill", "pk": 231, "fields": {"title": "Notaphily (banknote collecting)", "description": "Description here", "category": 3, "image": "default_image.jpg", "providers": []}}, {"model": "exchange.skill", "pk": 232, "fields": {"title": "Perfume", "description": "Description here", "category": 3, "image": "default_image.jpg", "providers": []}}, {"model": "exchange.skill", "pk": 233, "fields": {"title": "Philately", "description": "Description here", "category": 3, "image": "default_image.jpg", "providers": []}}, {"model": "exchange.skill", "pk": 234, "fields": {"title": "Phillumeny", "description": "Description here", "category": 3, "image": "default_image.jpg", "providers": []}}, {"model": "exchange.skill", "pk": 235, "fields": {"title": "Radio-controlled model collecting", "description": "Description here", "category": 3, "image": "default_image.jpg", "providers": []}}, {"model": "exchange.skill", "pk": 236, "fields": {"title": "Rail transport modelling", "description": "Description here", "category": 3, "image": "default_image.jpg", "providers": []}}, {"model": "exchange.skill", "pk": 237, "fields": {"title": "Record collecting", "description": "Description here", "category": 3, "image": "default_image.jpg", "providers": []}}, {"model": "exchange.skill", "pk": 238, "fields": {"title": "Rock tumbling", "description": "Description here", "category": 3, "image": "default_image.jpg", "providers": []}}, {"model": "exchange.skill", "pk": 239, "fields": {"title": "Scutelliphily", "description": "Description here", "category": 3, "image": "default_image.jpg", "providers": []}}, {"model": "exchange.skill", "pk": 240, "fields": {"title": "Shoes", "description": "Description here", "category": 3, "image": "default_image.jpg", "providers": []}}, {"model": "exchange.skill", "pk": 241, "fields": {"title": "Slot car", "description": "Description here", "category": 3, "image": "default_image.jpg", "providers": []}}, {"model": "exchange.skill", "pk": 242, "fields": {"title": "Sports memorabilia", "description": "Description here", "category": 3, "image": "default_image.jpg", "providers": []}}, {"model": "exchange.skill", "pk": 243, "fields": {"title": "Stamp collecting", "description": "Description here", "category": 3, "image": "default_image.jpg", "providers": []}}, {"model": "exchange.skill", "pk": 244, "fields": {"title": "Stuffed toy collecting", "description": "Description here", "category": 3, "image": "default_image.jpg", "providers": []}}, {"model": "exchange.skill", "pk": 245, "fields": {"title": "Tea bag collecting", "description": "Description here", "category": 3, "image": "default_image.jpg", "providers": []}}, {"model": "exchange.skill", "pk": 246, "fields": {"title": "Ticket collecting", "description": "Description here", "category": 3, "image": "default_image.jpg", "providers": []}}, {"model": "exchange.skill", "pk": 247, "fields": {"title": "Transit map collecting", "description": "Description here", "category": 3, "image": "default_image.jpg", "providers": []}}, {"model": "exchange.skill", "pk": 248, "fields": {"title": "Video game collecting", "description": "Description here", "category": 3, "image": "default_image.jpg", "providers": []}}, {"model": "exchange.skill", "pk": 249, "fields": {"title": "Vintage cars", "description": "Description here", "category": 3, "image": "default_image.jpg", "providers": []}}, {"model": "exchange.skill", "pk": 250, "fields": {"title": "Vintage clothing", "description": "Description here", "category": 3, "image": "default_image.jpg", "providers": []}}, {"model": "exchange.skill", "pk": 251, "fields": {"title": "Vinyl records", "description": "Description here", "category": 3, "image": "default_image.jpg", "providers": []}}, {"model": "exchange.skill", "pk": 252, "fields": {"title": "Antiquities", "description": "Description here", "category": 4, "image": "default_image.jpg", "providers": []}}, {"model": "exchange.skill", "pk": 253, "fields": {"title": "Auto audiophilia", "description": "Description here", "category": 4, "image": "default_image.jpg", "providers": []}}, {"model": "exchange.skill", "pk": 254, "fields": {"title": "Flower collecting and pressing", "description": "Description here", "category": 4, "image": "default_image.jpg", "providers": []}}, {"model": "exchange.skill", "pk": 255, "fields": {"title": "Fossil hunting", "description": "Description here", "category": 4, "image": "default_image.jpg", "providers": []}}, {"model": "exchange.skill", "pk": 256, "fields": {"title": "Insect collecting", "description": "Description here", "category": 4, "image": "default_image.jpg", "providers": []}}, {"model": "exchange.skill", "pk": 257, "fields": {"title": "Leaves", "description": "Description here", "category": 4, "image": "default_image.jpg", "providers": []}}, {"model": "exchange.skill", "pk": 258, "fields": {"title": "Magnet fishing", "description": "Description here", "category": 4, "image": "default_image.jpg", "providers": []}}, {"model": "exchange.skill", "pk": 259, "fields": {"title": "Metal detecting", "description": "Description here", "category": 4, "image": "default_image.jpg", "providers": []}}, {"model": "exchange.skill", "pk": 260, "fields": {"title": "Mineral collecting", "description": "Description here", "category": 4, "image": "default_image.jpg", "providers": []}}, {"model": "exchange.skill", "pk": 261, "fields": {"title": "Rock balancing", "description": "Description here", "category": 4, "image": "default_image.jpg", "providers": []}}, {"model": "exchange.skill", "pk": 262, "fields": {"title": "Sea glass collecting", "description": "Description here", "category": 4, "image": "default_image.jpg", "providers": []}}, {"model": "exchange.skill", "pk": 263, "fields": {"title": "Seashell collecting", "description": "Description here", "category": 4, "image": "default_image.jpg", "providers": []}}, {"model": "exchange.skill", "pk": 264, "fields": {"title": "Stone collecting", "description": "Description here", "category": 4, "image": "default_image.jpg", "providers": []}}, {"model": "exchange.skill", "pk": 265, "fields": {"title": "Air hockey", "description": "Description here", "category": 5, "image": "default_image.jpg", "providers": []}}, {"model": "exchange.skill", "pk": 266, "fields": {"title": "Animal fancy", "description": "Description here", "category": 5, "image": "default_image.jpg", "providers": []}}, {"model": "exchange.skill", "pk": 267, "fields": {"title": "Axe throwing", "description": "Description here", "category": 5, "image": "default_image.jpg", "providers": []}}, {"model": "exchange.skill", "pk": 268, "fields": {"title": "Backgammon", "description": "Description here", "category": 5, "image": "default_image.jpg", "providers": []}}, {"model": "exchange.skill", "pk": 269, "fields": {"title": "Badminton", "description": "Description here", "category": 5, "image": "default_image.jpg", "providers": []}}, {"model": "exchange.skill", "pk": 270, "fields": {"title": "Baking", "description": "Description here", "category": 5, "image": "default_image.jpg", "providers": []}}, {"model": "exchange.skill", "pk": 271, "fields": {"title": "Ballet dancing", "description": "Description here", "category": 5, "image": "default_image.jpg", "providers": []}}, {"model": "exchange.skill", "pk": 272, "fields": {"title": "Ballroom dancing", "description": "Description here", "category": 5, "image": "default_image.jpg", "providers": []}}, {"model": "exchange.skill", "pk": 273, "fields": {"title": "Baton twirling", "description": "Description here", "category": 5, "image": "default_image.jpg", "providers": []}}, {"model": "exchange.skill", "pk": 274, "fields": {"title": "Beauty pageants", "description": "Description here", "category": 5, "image": "default_image.jpg", "providers": []}}, {"model": "exchange.skill", "pk": 275, "fields": {"title": "Billiards", "description": "Description here", "category": 5, "image": "default_image.jpg", "providers": []}}, {"model": "exchange.skill", "pk": 276, "fields": {"title": "Book folding", "description": "Description here", "category": 5, "image": "default_image.jpg", "providers": []}}, {"model": "exchange.skill", "pk": 277, "fields": {"title": "Bowling", "description": "Description here", "category": 5, "image": "default_image.jpg", "providers": []}}, {"model": "exchange.skill", "pk": 278, "fields": {"title": "Boxing", "description": "Boxing Lessons\r\nCertified instructor offering private & group classes. Improve technique, fitness & confidence. Trade your skills for mine on this platform.", "category": 5, "image": "skill_images/boxing.jpg", "providers": [3]}}, {"model": "exchange.skill", "pk": 279, "fields": {"title": "Bridge", "description": "Description here", "category": 5, "image": "default_image.jpg", "providers": []}}, {"model": "exchange.skill", "pk": 280, "fields": {"title": "Cooking", "description": "Description here", "category": 5, "image": "default_image.jpg", "providers": []}}, {"model": "exchange.skill", "pk": 281, "fields": {"title": "Checkers (draughts)", "description": "Description here", "category": 5, "image": "default_image.jpg", "providers": []}}, {"model": "exchange.skill", "pk": 282, "fields": {"title": "Cheerleading", "description": "Description here", "category": 5, "image": "default_image.jpg", "providers": []}}, {"model": "exchange.skill", "pk": 283, "fields": {"title": "Chess", "description": "Enjoy the strategic art of chess with personalized lessons tailored to your skill level! Whether you're a beginner learning the basics or an intermediate player aiming to sharpen your tactics, I've been playing chess for +10 years.", "category": 5, "image": "skill_images/chess.jpg", "providers": [1]}}, {"model": "exchange.skill", "pk": 284, "fields": {"title": "Color guard", "description": "Description here", "category": 5, "image": "default_image.jpg", "providers": []}}, {"model": "exchange.skill", "pk": 285, "fields": {"title": "Cribbage", "description": "Description here", "category": 5, "image": "default_image.jpg", "providers": []}}, {"model": "exchange.skill", "pk": 286, "fields": {"title": "Curling", "description": "Description here", "category": 5, "image": "default_image.jpg", "providers": []}}, {"model": "exchange.skill", "pk": 287, "fields": {"title": "Dancing", "description": "Description here", "category": 5, "image": "default_image.jpg", "providers": []}}, {"model": "exchange.skill", "pk": 288, "fields": {"title": "Darts", "description": "Description here", "category": 5, "image": "default_image.jpg", "providers": []}}, {"model": "exchange.skill", "pk": 289, "fields": {"title": "Debate", "description": "Description here", "category": 5, "image": "default_image.jpg", "providers": []}}, {"model": "exchange.skill", "pk": 290, "fields": {"title": "Dominoes", "description": "Description here", "category": 5, "image": "default_image.jpg", "providers": []}}, {"model": "exchange.skill", "pk": 291, "fields": {"title": "Eating", "description": "Description here", "category": 5, "image": "default_image.jpg", "providers": []}}, {"model": "exchange.skill", "pk": 292, "fields": {"title": "Esports", "description": "Description here", "category": 5, "image": "default_image.jpg", "providers": []}}, {"model": "exchange.skill", "pk": 293, "fields": {"title": "Fencing", "description": "Description here", "category": 5, "image": "default_image.jpg", "providers": []}}, {"model": "exchange.skill", "pk": 294, "fields": {"title": "Figure Skating", "description": "Description here", "category": 5, "image": "default_image.jpg", "providers": []}}, {"model": "exchange.skill", "pk": 295, "fields": {"title": "Go", "description": "Description here", "category": 5, "image": "default_image.jpg", "providers": []}}, {"model": "exchange.skill", "pk": 296, "fields": {"title": "Gymnastics", "description": "Description here", "category": 5, "image": "default_image.jpg", "providers": []}}, {"model": "exchange.skill", "pk": 297, "fields": {"title": "Ice hockey", "description": "Description here", "category": 5, "image": "default_image.jpg", "providers": []}}, {"model": "exchange.skill", "pk": 298, "fields": {"title": "Ice skating", "description": "Description here", "category": 5, "image": "default_image.jpg", "providers": []}}, {"model": "exchange.skill", "pk": 299, "fields": {"title": "Judo", "description": "Description here", "category": 5, "image": "default_image.jpg", "providers": []}}, {"model": "exchange.skill", "pk": 300, "fields": {"title": "Jujitsu", "description": "Description here", "category": 5, "image": "default_image.jpg", "providers": []}}, {"model": "exchange.skill", "pk": 301, "fields": {"title": "Kabaddi", "description": "Description here", "category": 5, "image": "default_image.jpg", "providers": []}}, {"model": "exchange.skill", "pk": 302, "fields": {"title": "Knowledge/word games", "description": "Description here", "category": 5, "image": "default_image.jpg", "providers": []}}, {"model": "exchange.skill", "pk": 303, "fields": {"title": "Laser tag", "description": "Description here", "category": 5, "image": "default_image.jpg", "providers": []}}, {"model": "exchange.skill", "pk": 304, "fields": {"title": "Magic", "description": "Description here", "category": 5, "image": "default_image.jpg", "providers": []}}, {"model": "exchange.skill", "pk": 305, "fields": {"title": "Mahjong", "description": "Description here", "category": 5, "image": "default_image.jpg", "providers": []}}, {"model": "exchange.skill", "pk": 306, "fields": {"title": "Marbles", "description": "Description here", "category": 5, "image": "default_image.jpg", "providers": []}}, {"model": "exchange.skill", "pk": 307, "fields": {"title": "Martial arts", "description": "Description here", "category": 5, "image": "default_image.jpg", "providers": []}}, {"model": "exchange.skill", "pk": 308, "fields": {"title": "Model racing", "description": "Description here", "category": 5, "image": "default_image.jpg", "providers": []}}, {"model": "exchange.skill", "pk": 309, "fields": {"title": "Model United Nations", "description": "Description here", "category": 5, "image": "default_image.jpg", "providers": []}}, {"model": "exchange.skill", "pk": 310, "fields": {"title": "Pinball", "description": "Description here", "category": 5, "image": "default_image.jpg", "providers": []}}, {"model": "exchange.skill", "pk": 311, "fields": {"title": "Poker", "description": "Description here", "category": 5, "image": "default_image.jpg", "providers": []}}, {"model": "exchange.skill", "pk": 312, "fields": {"title": "Pole dancing", "description": "Description here", "category": 5, "image": "default_image.jpg", "providers": []}}, {"model": "exchange.skill", "pk": 313, "fields": {"title": "Pool", "description": "Description here", "category": 5, "image": "default_image.jpg", "providers": []}}, {"model": "exchange.skill", "pk": 314, "fields": {"title": "Radio-controlled model playing", "description": "Description here", "category": 5, "image": "default_image.jpg", "providers": []}}, {"model": "exchange.skill", "pk": 315, "fields": {"title": "Role-playing games", "description": "Description here", "category": 5, "image": "default_image.jpg", "providers": []}}, {"model": "exchange.skill", "pk": 316, "fields": {"title": "Rughooking", "description": "Description here", "category": 5, "image": "default_image.jpg", "providers": []}}, {"model": "exchange.skill", "pk": 317, "fields": {"title": "Shogi", "description": "Description here", "category": 5, "image": "default_image.jpg", "providers": []}}, {"model": "exchange.skill", "pk": 318, "fields": {"title": "Slot car racing", "description": "Description here", "category": 5, "image": "default_image.jpg", "providers": []}}, {"model": "exchange.skill", "pk": 319, "fields": {"title": "Speedcubing", "description": "Description here", "category": 5, "image": "default_image.jpg", "providers": []}}, {"model": "exchange.skill", "pk": 320, "fields": {"title": "Sport stacking", "description": "Description here", "category": 5, "image": "default_image.jpg", "providers": []}}, {"model": "exchange.skill", "pk": 321, "fields": {"title": "Table football", "description": "Description here", "category": 5, "image": "default_image.jpg", "providers": []}}, {"model": "exchange.skill", "pk": 322, "fields": {"title": "Table tennis", "description": "Description here", "category": 5, "image": "default_image.jpg", "providers": []}}, {"model": "exchange.skill", "pk": 323, "fields": {"title": "Volleyball", "description": "Description here", "category": 5, "image": "default_image.jpg", "providers": []}}, {"model": "exchange.skill", "pk": 324, "fields": {"title": "Video gaming", "description": "Description here", "category": 5, "image": "default_image.jpg", "providers": []}}, {"model": "exchange.skill", "pk": 325, "fields": {"title": "VR gaming", "description": "Description here", "category": 5, "image": "default_image.jpg", "providers": []}}, {"model": "exchange.skill", "pk": 326, "fields": {"title": "Weightlifting", "description": "Description here", "category": 5, "image": "default_image.jpg", "providers": []}}, {"model": "exchange.skill", "pk": 327, "fields": {"title": "Wrestling", "description": "Description here", "category": 5, "image": "default_image.jpg", "providers": []}}, {"model": "exchange.skill", "pk": 328, "fields": {"title": "Airsoft", "description": "Description here", "category": 6, "image": "default_image.jpg", "providers": []}}, {"model": "exchange.skill", "pk": 329, "fields": {"title": "Archery", "description": "Description here", "category": 6, "image": "default_image.jpg", "providers": []}}, {"model": "exchange.skill", "pk": 330, "fields": {"title": "Association football", "description": "Description here", "category": 6, "image": "default_image.jpg", "providers": []}}, {"model": "exchange.skill", "pk": 331, "fields": {"title": "Australian rules football", "description": "Description here", "category": 6, "image": "default_image.jpg", "providers": []}}, {"model": "exchange.skill", "pk": 332, "fields": {"title": "Auto racing", "description": "Description here", "category": 6, "image": "default_image.jpg", "providers": []}}, {"model": "exchange.skill", "pk": 333, "fields": {"title": "Baseball", "description": "Description here", "category": 6, "image": "default_image.jpg", "providers": []}}, {"model": "exchange.skill", "pk": 334, "fields": {"title": "Beach volleyball", "description": "Description here", "category": 6, "image": "default_image.jpg", "providers": []}}, {"model": "exchange.skill", "pk": 335, "fields": {"title": "Breakdancing", "description": "Description here", "category": 6, "image": "default_image.jpg", "providers": []}}, {"model": "exchange.skill", "pk": 336, "fields": {"title": "capoeira", "description": "Description here", "category": 6, "image": "default_image.jpg", "providers": []}}, {"model": "exchange.skill", "pk": 337, "fields": {"title": "Climbing", "description": "Description here", "category": 6, "image": "default_image.jpg", "providers": []}}, {"model": "exchange.skill", "pk": 338, "fields": {"title": "Cornhole", "description": "Description here", "category": 6, "image": "default_image.jpg", "providers": []}}, {"model": "exchange.skill", "pk": 339, "fields": {"title": "Cricket", "description": "Description here", "category": 6, "image": "default_image.jpg", "providers": []}}, {"model": "exchange.skill", "pk": 340, "fields": {"title": "Croquet", "description": "Description here", "category": 6, "image": "default_image.jpg", "providers": []}}, {"model": "exchange.skill", "pk": 341, "fields": {"title": "Cycling", "description": "Description here", "category": 6, "image": "default_image.jpg", "providers": []}}, {"model": "exchange.skill", "pk": 342, "fields": {"title": "Disc golf", "description": "Description here", "category": 6, "image": "default_image.jpg", "providers": []}}, {"model": "exchange.skill", "pk": 343, "fields": {"title": "Dog sport", "description": "Description here", "category": 6, "image": "default_image.jpg", "providers": []}}, {"model": "exchange.skill", "pk": 344, "fields": {"title": "Equestrianism", "description": "Description here", "category": 6, "image": "default_image.jpg", "providers": []}}, {"model": "exchange.skill", "pk": 345, "fields": {"title": "Exhibition drill", "description": "Description here", "category": 6, "image": "default_image.jpg", "providers": []}}, {"model": "exchange.skill", "pk": 346, "fields": {"title": "Field hockey", "description": "Description here", "category": 6, "image": "default_image.jpg", "providers": []}}, {"model": "exchange.skill", "pk": 347, "fields": {"title": "Figure skating", "description": "Description here", "category": 6, "image": "default_image.jpg", "providers": []}}, {"model": "exchange.skill", "pk": 348, "fields": {"title": "Fishing", "description": "Description here", "category": 6, "image": "default_image.jpg", "providers": []}}, {"model": "exchange.skill", "pk": 349, "fields": {"title": "Fitness", "description": "Description here", "category": 6, "image": "default_image.jpg", "providers": []}}, {"model": "exchange.skill", "pk": 350, "fields": {"title": "Footbag", "description": "Description here", "category": 6, "image": "default_image.jpg", "providers": []}}, {"model": "exchange.skill", "pk": 351, "fields": {"title": "Frisbee", "description": "Description here", "category": 6, "image": "default_image.jpg", "providers": []}}, {"model": "exchange.skill", "pk": 352, "fields": {"title": "Rugby league football", "description": "Description here", "category": 6, "image": "default_image.jpg", "providers": []}}, {"model": "exchange.skill", "pk": 353, "fields": {"title": "Sculling or rowing", "description": "Description here", "category": 6, "image": "default_image.jpg", "providers": []}}, {"model": "exchange.skill", "pk": 354, "fields": {"title": "Shooting sports", "description": "Description here", "category": 6, "image": "default_image.jpg", "providers": []}}, {"model": "exchange.skill", "pk": 355, "fields": {"title": "Skateboarding", "description": "Description here", "category": 6, "image": "default_image.jpg", "providers": []}}, {"model": "exchange.skill", "pk": 356, "fields": {"title": "Skiing", "description": "Description here", "category": 6, "image": "default_image.jpg", "providers": []}}, {"model": "exchange.skill", "pk": 357, "fields": {"title": "Sled dog racing", "description": "Description here", "category": 6, "image": "default_image.jpg", "providers": []}}, {"model": "exchange.skill", "pk": 358, "fields": {"title": "Softball", "description": "Description here", "category": 6, "image": "default_image.jpg", "providers": []}}, {"model": "exchange.skill", "pk": 359, "fields": {"title": "Speed skating", "description": "Description here", "category": 6, "image": "default_image.jpg", "providers": []}}, {"model": "exchange.skill", "pk": 360, "fields": {"title": "Squash", "description": "Description here", "category": 6, "image": "default_image.jpg", "providers": []}}, {"model": "exchange.skill", "pk": 361, "fields": {"title": "Surfing", "description": "Description here", "category": 6, "image": "default_image.jpg", "providers": []}}, {"model": "exchange.skill", "pk": 362, "fields": {"title": "Swimming", "description": "Description here", "category": 6, "image": "default_image.jpg", "providers": []}}, {"model": "exchange.skill", "pk": 363, "fields": {"title": "Table tennis", "description": "Description here", "category": 6, "image": "default_image.jpg", "providers": []}}, {"model": "exchange.skill", "pk": 364, "fields": {"title": "Tennis", "description": "Description here", "category": 6, "image": "default_image.jpg", "providers": []}}, {"model": "exchange.skill", "pk": 365, "fields": {"title": "Tennis polo", "description": "Description here", "category": 6, "image": "default_image.jpg", "providers": []}}, {"model": "exchange.skill", "pk": 366, "fields": {"title": "Tether car", "description": "Description here", "category": 6, "image": "default_image.jpg", "providers": []}}, {"model": "exchange.skill", "pk": 367, "fields": {"title": "Tour skating", "description": "Description here", "category": 6, "image": "default_image.jpg", "providers": []}}, {"model": "exchange.skill", "pk": 368, "fields": {"title": "Tourism", "description": "Description here", "category": 6, "image": "default_image.jpg", "providers": []}}, {"model": "exchange.skill", "pk": 369, "fields": {"title": "Trapshooting", "description": "Description here", "category": 6, "image": "default_image.jpg", "providers": []}}, {"model": "exchange.skill", "pk": 370, "fields": {"title": "Triathlon", "description": "Description here", "category": 6, "image": "default_image.jpg", "providers": []}}, {"model": "exchange.skill", "pk": 371, "fields": {"title": "Ultimate frisbee", "description": "Description here", "category": 6, "image": "default_image.jpg", "providers": []}}, {"model": "exchange.skill", "pk": 372, "fields": {"title": "Volleyball", "description": "Description here", "category": 6, "image": "default_image.jpg", "providers": []}}, {"model": "exchange.skill", "pk": 373, "fields": {"title": "Water polo", "description": "Description here", "category": 6, "image": "default_image.jpg", "providers": []}}, {"model": "exchange.skill", "pk": 374, "fields": {"title": "Golfing", "description": "Description here", "category": 6, "image": "default_image.jpg", "providers": []}}, {"model": "exchange.skill", "pk": 375, "fields": {"title": "Handball", "description": "Description here", "category": 6, "image": "default_image.jpg", "providers": []}}, {"model": "exchange.skill", "pk": 376, "fields": {"title": "Horseback riding", "description": "Description here", "category": 6, "image": "default_image.jpg", "providers": []}}, {"model": "exchange.skill", "pk": 377, "fields": {"title": "Horsemanship", "description": "Description here", "category": 6, "image": "default_image.jpg", "providers": []}}, {"model": "exchange.skill", "pk": 378, "fields": {"title": "Horseshoes", "description": "Description here", "category": 6, "image": "default_image.jpg", "providers": []}}, {"model": "exchange.skill", "pk": 379, "fields": {"title": "Iceboat racing", "description": "Description here", "category": 6, "image": "default_image.jpg", "providers": []}}, {"model": "exchange.skill", "pk": 380, "fields": {"title": "Jukskei", "description": "Description here", "category": 6, "image": "default_image.jpg", "providers": []}}, {"model": "exchange.skill", "pk": 381, "fields": {"title": "Kart racing", "description": "Description here", "category": 6, "image": "default_image.jpg", "providers": []}}, {"model": "exchange.skill", "pk": 382, "fields": {"title": "Knife throwing", "description": "Description here", "category": 6, "image": "default_image.jpg", "providers": []}}, {"model": "exchange.skill", "pk": 383, "fields": {"title": "Lacrosse", "description": "Description here", "category": 6, "image": "default_image.jpg", "providers": []}}, {"model": "exchange.skill", "pk": 384, "fields": {"title": "Longboarding", "description": "Description here", "category": 6, "image": "default_image.jpg", "providers": []}}, {"model": "exchange.skill", "pk": 385, "fields": {"title": "Long-distance running", "description": "Description here", "category": 6, "image": "default_image.jpg", "providers": []}}, {"model": "exchange.skill", "pk": 386, "fields": {"title": "Marching band", "description": "Description here", "category": 6, "image": "default_image.jpg", "providers": []}}, {"model": "exchange.skill", "pk": 387, "fields": {"title": "Mini Golf", "description": "Description here", "category": 6, "image": "default_image.jpg", "providers": []}}, {"model": "exchange.skill", "pk": 388, "fields": {"title": "Model aircraft", "description": "Description here", "category": 6, "image": "default_image.jpg", "providers": []}}, {"model": "exchange.skill", "pk": 389, "fields": {"title": "Orienteering", "description": "Description here", "category": 6, "image": "default_image.jpg", "providers": []}}, {"model": "exchange.skill", "pk": 390, "fields": {"title": "Pickleball", "description": "Description here", "category": 6, "image": "default_image.jpg", "providers": []}}, {"model": "exchange.skill", "pk": 391, "fields": {"title": "Powerboat racing", "description": "Description here", "category": 6, "image": "default_image.jpg", "providers": []}}, {"model": "exchange.skill", "pk": 392, "fields": {"title": "Quidditch", "description": "Description here", "category": 6, "image": "default_image.jpg", "providers": []}}, {"model": "exchange.skill", "pk": 393, "fields": {"title": "Race walking", "description": "Description here", "category": 6, "image": "default_image.jpg", "providers": []}}, {"model": "exchange.skill", "pk": 394, "fields": {"title": "Racquetball", "description": "Description here", "category": 6, "image": "default_image.jpg", "providers": []}}, {"model": "exchange.skill", "pk": 395, "fields": {"title": "Radio-controlled car racing", "description": "Description here", "category": 6, "image": "default_image.jpg", "providers": []}}, {"model": "exchange.skill", "pk": 396, "fields": {"title": "Radio-controlled model playing", "description": "Description here", "category": 6, "image": "default_image.jpg", "providers": []}}, {"model": "exchange.skill", "pk": 397, "fields": {"title": "Roller derby", "description": "Description here", "category": 6, "image": "default_image.jpg", "providers": []}}, {"model": "exchange.skill", "pk": 398, "fields": {"title": "Audiophile", "description": "Description here", "category": 7, "image": "default_image.jpg", "providers": []}}, {"model": "exchange.skill", "pk": 399, "fields": {"title": "Ant farming", "description": "Description here", "category": 7, "image": "default_image.jpg", "providers": []}}, {"model": "exchange.skill", "pk": 400, "fields": {"title": "Fishkeeping", "description": "Description here", "category": 7, "image": "default_image.jpg", "providers": []}}, {"model": "exchange.skill", "pk": 401, "fields": {"title": "Learning", "description": "Description here", "category": 7, "image": "default_image.jpg", "providers": []}}, {"model": "exchange.skill", "pk": 402, "fields": {"title": "Meditation", "description": "Discover the power of mindfulness and inner peace with an exchange meditation guidance!", "category": 8, "image": "skill_images/meditation.jpg", "providers": [1]}}, {"model": "exchange.skill", "pk": 403, "fields": {"title": "Microscopy", "description": "Description here", "category": 7, "image": "default_image.jpg", "providers": []}}, {"model": "exchange.skill", "pk": 404, "fields": {"title": "Reading", "description": "Description here", "category": 7, "image": "default_image.jpg", "providers": []}}, {"model": "exchange.skill", "pk": 405, "fields": {"title": "Research", "description": "Description here", "category": 7, "image": "default_image.jpg", "providers": []}}, {"model": "exchange.skill", "pk": 406, "fields": {"title": "Shortwave listening", "description": "Description here", "category": 7, "image": "default_image.jpg", "providers": []}}, {"model": "exchange.skill", "pk": 407, "fields": {"title": "Aircraft spotting", "description": "Description here", "category": 8, "image": "default_image.jpg", "providers": []}}, {"model": "exchange.skill", "pk": 408, "fields": {"title": "Amateur astronomy", "description": "Description here", "category": 8, "image": "default_image.jpg", "providers": []}}, {"model": "exchange.skill", "pk": 409, "fields": {"title": "Beekeeping", "description": "Description here", "category": 8, "image": "default_image.jpg", "providers": []}}, {"model": "exchange.skill", "pk": 410, "fields": {"title": "Benchmarking", "description": "Description here", "category": 8, "image": "default_image.jpg", "providers": []}}, {"model": "exchange.skill", "pk": 411, "fields": {"title": "Birdwatching", "description": "Description here", "category": 8, "image": "default_image.jpg", "providers": []}}, {"model": "exchange.skill", "pk": 412, "fields": {"title": "Bus spotting", "description": "Description here", "category": 8, "image": "default_image.jpg", "providers": []}}, {"model": "exchange.skill", "pk": 413, "fields": {"title": "People-watching", "description": "Description here", "category": 8, "image": "default_image.jpg", "providers": []}}, {"model": "exchange.skill", "pk": 414, "fields": {"title": "Photography", "description": "Description here", "category": 8, "image": "default_image.jpg", "providers": []}}, {"model": "exchange.skill", "pk": 415, "fields": {"title": "Satellite watching", "description": "Description here", "category": 8, "image": "default_image.jpg", "providers": []}}, {"model": "exchange.skill", "pk": 416, "fields": {"title": "Trainspotting", "description": "Description here", "category": 8, "image": "default_image.jpg", "providers": []}}, {"model": "exchange.skill", "pk": 417, "fields": {"title": "Whale watching", "description": "Description here", "category": 8, "image": "default_image.jpg", "providers": []}}, {"model": "exchange.skill", "pk": 418, "fields": {"title": "Butterfly watching", "description": "Description here", "category": 8, "image": "default_image.jpg", "providers": []}}, {"model": "exchange.skill", "pk": 419, "fields": {"title": "Geocaching", "description": "Description here", "category": 8, "image": "default_image.jpg", "providers": []}}, {"model": "exchange.skill", "pk": 420, "fields": {"title": "Gongoozling", "description": "Description here", "category": 8, "image": "default_image.jpg", "providers": []}}, {"model": "exchange.skill", "pk": 421, "fields": {"title": "Herping", "description": "Description here", "category": 8, "image": "default_image.jpg", "providers": []}}, {"model": "exchange.skill", "pk": 422, "fields": {"title": "Hiking/backpacking", "description": "Description here", "category": 8, "image": "default_image.jpg", "providers": []}}, {"model": "exchange.skill", "pk": 423, "fields": {"title": "Meteorology", "description": "Description here", "category": 8, "image": "default_image.jpg", "providers": []}}, {"model": "exchange.skill", "pk": 428, "fields": {"title": "Paracaidismo", "description": "Soar high and free! I offer a personalized exchange of my paraglading skill. Learn to master the art of paragliding and push your limits in a safe  environment.", "category": 1, "image": "skill_images/parachue_BlbvWQ6.jpg", "providers": [1]}}, {"model": "exchange.skill", "pk": 431, "fields": {"title": "Calisthenics", "description": "Unlock your body’s full potential with personalized calisthenics training! This skill exchange offers guidance on mastering bodyweight exercises that improve strength, flexibility, and endurance for all levels!", "category": 1, "image": "skill_images/handstand_owuelXy.jpg", "providers": [2]}}]